uik;okrug;tik;voters;turnout_pct;candidates_with_pct
118;Самарский;Алексеевская;361;88.64;Диянчук: 2.8%, Лескин: 7.2%, Микулов: 1.6%, Селиванов: 2.2%, Степанов: 5.0%, Томчук: 2.2%, Фетисов: 78.4%
126;Самарский;Алексеевская;306;90.20;Диянчук: 6.5%, Лескин: 10.9%, Микулов: 6.2%, Селиванов: 6.5%, Степанов: 5.1%, Томчук: 4.0%, Фетисов: 60.9%
127;Самарский;Алексеевская;314;89.81;Диянчук: 2.1%, Лескин: 10.3%, Микулов: 4.3%, Селиванов: 0.0%, Степанов: 0.0%, Томчук: 3.2%, Фетисов: 80.1%
401;Самарский;Большеглушицкая;869;85.04;Диянчук: 5.7%, Лескин: 4.7%, Микулов: 2.4%, Селиванов: 3.2%, Степанов: 1.6%, Томчук: 4.6%, Фетисов: 77.7%
402;Самарский;Большеглушицкая;453;86.75;Диянчук: 1.8%, Лескин: 7.6%, Микулов: 1.3%, Селиванов: 1.8%, Степанов: 5.8%, Томчук: 5.1%, Фетисов: 76.6%
403;Самарский;Большеглушицкая;406;84.98;Диянчук: 3.2%, Лескин: 3.8%, Микулов: 2.0%, Селиванов: 1.2%, Степанов: 4.3%, Томчук: 2.6%, Фетисов: 82.9%
404;Самарский;Большеглушицкая;132;79.55;Диянчук: 2.9%, Лескин: 10.5%, Микулов: 2.9%, Селиванов: 3.8%, Степанов: 7.6%, Томчук: 3.8%, Фетисов: 64.8%
405;Самарский;Большеглушицкая;615;84.88;Диянчук: 1.5%, Лескин: 6.3%, Микулов: 3.3%, Селиванов: 3.1%, Степанов: 6.7%, Томчук: 2.5%, Фетисов: 76.0%
406;Самарский;Большеглушицкая;404;85.64;Диянчук: 3.2%, Лескин: 7.2%, Микулов: 4.6%, Селиванов: 1.4%, Степанов: 3.2%, Томчук: 2.0%, Фетисов: 77.2%
407;Самарский;Большеглушицкая;392;85.71;Диянчук: 2.1%, Лескин: 4.8%, Микулов: 3.6%, Селиванов: 2.4%, Степанов: 6.5%, Томчук: 3.0%, Фетисов: 75.9%
408;Самарский;Большеглушицкая;353;87.25;Диянчук: 1.6%, Лескин: 11.0%, Микулов: 5.5%, Селиванов: 1.3%, Степанов: 2.3%, Томчук: 1.9%, Фетисов: 75.7%
410;Самарский;Большеглушицкая;134;85.82;Диянчук: 0.9%, Лескин: 7.8%, Микулов: 3.5%, Селиванов: 6.1%, Степанов: 9.6%, Томчук: 7.8%, Фетисов: 64.3%
411;Самарский;Большеглушицкая;758;92.88;Диянчук: 3.1%, Лескин: 6.7%, Микулов: 5.5%, Селиванов: 2.6%, Степанов: 3.0%, Томчук: 1.6%, Фетисов: 77.6%
412;Самарский;Большеглушицкая;411;92.21;Диянчук: 1.3%, Лескин: 7.7%, Микулов: 3.4%, Селиванов: 2.4%, Степанов: 3.7%, Томчук: 1.6%, Фетисов: 80.0%
413;Самарский;Большеглушицкая;169;85.80;Диянчук: 2.1%, Лескин: 11.7%, Микулов: 7.6%, Селиванов: 5.5%, Степанов: 1.4%, Томчук: 1.4%, Фетисов: 69.7%
414;Самарский;Большеглушицкая;436;85.09;Диянчук: 1.4%, Лескин: 0.0%, Микулов: 4.0%, Селиванов: 4.0%, Степанов: 11.9%, Томчук: 0.0%, Фетисов: 77.1%
415;Самарский;Большеглушицкая;246;87.40;Диянчук: 0.0%, Лескин: 6.0%, Микулов: 2.3%, Селиванов: 4.7%, Степанов: 3.3%, Томчук: 4.2%, Фетисов: 77.7%
416;Самарский;Большеглушицкая;435;85.06;Диянчук: 2.4%, Лескин: 5.1%, Микулов: 3.0%, Селиванов: 3.2%, Степанов: 6.2%, Томчук: 2.7%, Фетисов: 77.3%
417;Самарский;Большеглушицкая;716;85.75;Диянчук: 2.8%, Лескин: 4.2%, Микулов: 2.6%, Селиванов: 1.9%, Степанов: 5.0%, Томчук: 1.9%, Фетисов: 81.4%
418;Самарский;Большеглушицкая;686;84.55;Диянчук: 2.2%, Лескин: 2.9%, Микулов: 1.4%, Селиванов: 2.8%, Степанов: 4.8%, Томчук: 8.6%, Фетисов: 76.9%
419;Самарский;Большеглушицкая;1377;86.93;Диянчук: 2.1%, Лескин: 3.3%, Микулов: 1.8%, Селиванов: 1.9%, Степанов: 3.2%, Томчук: 2.1%, Фетисов: 85.0%
420;Самарский;Большеглушицкая;728;87.50;Диянчук: 3.3%, Лескин: 1.4%, Микулов: 6.6%, Селиванов: 0.5%, Степанов: 2.5%, Томчук: 7.1%, Фетисов: 75.0%
421;Самарский;Большеглушицкая;712;84.69;Диянчук: 1.7%, Лескин: 4.6%, Микулов: 7.1%, Селиванов: 2.2%, Степанов: 4.6%, Томчук: 2.6%, Фетисов: 77.1%
422;Самарский;Большеглушицкая;686;86.30;Диянчук: 4.2%, Лескин: 5.7%, Микулов: 1.4%, Селиванов: 2.9%, Степанов: 4.4%, Томчук: 1.0%, Фетисов: 77.0%
423;Самарский;Большеглушицкая;1355;87.16;Диянчук: 7.4%, Лескин: 1.9%, Микулов: 0.4%, Селиванов: 3.4%, Степанов: 5.2%, Томчук: 0.7%, Фетисов: 78.0%
501;Самарский;Большечерниговская;1023;88.37;Диянчук: 0.9%, Лескин: 6.5%, Микулов: 1.0%, Селиванов: 0.0%, Степанов: 1.3%, Томчук: 3.4%, Фетисов: 86.4%
502;Самарский;Большечерниговская;534;94.76;Диянчук: 2.0%, Лескин: 3.0%, Микулов: 1.6%, Селиванов: 2.4%, Степанов: 0.6%, Томчук: 0.4%, Фетисов: 90.1%
503;Самарский;Большечерниговская;354;92.09;Диянчук: 1.8%, Лескин: 8.3%, Микулов: 1.8%, Селиванов: 1.2%, Степанов: 1.8%, Томчук: 0.9%, Фетисов: 83.4%
504;Самарский;Большечерниговская;1017;85.05;Диянчук: 3.4%, Лескин: 6.6%, Микулов: 4.4%, Селиванов: 3.0%, Степанов: 2.3%, Томчук: 1.2%, Фетисов: 79.2%
505;Самарский;Большечерниговская;521;95.97;Диянчук: 0.2%, Лескин: 2.8%, Микулов: 0.4%, Селиванов: 0.4%, Степанов: 1.2%, Томчук: 0.4%, Фетисов: 94.0%
506;Самарский;Большечерниговская;1055;90.43;Диянчук: 1.1%, Лескин: 3.8%, Микулов: 0.9%, Селиванов: 0.8%, Степанов: 2.1%, Томчук: 0.7%, Фетисов: 90.6%
507;Самарский;Большечерниговская;880;89.89;Диянчук: 1.8%, Лескин: 6.1%, Микулов: 0.2%, Селиванов: 3.8%, Степанов: 3.2%, Томчук: 4.3%, Фетисов: 77.6%
508;Самарский;Большечерниговская;1051;90.01;Диянчук: 1.5%, Лескин: 5.2%, Микулов: 1.7%, Селиванов: 1.5%, Степанов: 3.1%, Томчук: 2.0%, Фетисов: 82.8%
509;Самарский;Большечерниговская;450;94.89;Диянчук: 4.5%, Лескин: 0.0%, Микулов: 4.9%, Селиванов: 2.3%, Степанов: 0.0%, Томчук: 2.6%, Фетисов: 80.3%
510;Самарский;Большечерниговская;640;95.00;Диянчук: 0.3%, Лескин: 4.1%, Микулов: 0.2%, Селиванов: 0.2%, Степанов: 0.2%, Томчук: 0.2%, Фетисов: 94.9%
512;Самарский;Большечерниговская;130;96.15;Диянчук: 4.8%, Лескин: 8.8%, Микулов: 0.0%, Селиванов: 0.0%, Степанов: 0.0%, Томчук: 0.0%, Фетисов: 86.4%
514;Самарский;Большечерниговская;830;95.18;Диянчук: 0.4%, Лескин: 11.0%, Микулов: 0.4%, Селиванов: 0.6%, Степанов: 1.3%, Томчук: 1.3%, Фетисов: 85.1%
515;Самарский;Большечерниговская;224;97.77;Диянчук: 2.3%, Лескин: 5.5%, Микулов: 2.7%, Селиванов: 3.2%, Степанов: 5.0%, Томчук: 0.5%, Фетисов: 80.8%
516;Самарский;Большечерниговская;199;97.99;Диянчук: 2.6%, Лескин: 3.1%, Микулов: 2.6%, Селиванов: 2.6%, Степанов: 1.5%, Томчук: 1.5%, Фетисов: 86.2%
517;Самарский;Большечерниговская;203;97.54;Диянчук: 0.0%, Лескин: 5.0%, Микулов: 0.0%, Селиванов: 3.0%, Степанов: 0.0%, Томчук: 0.0%, Фетисов: 91.9%
518;Самарский;Большечерниговская;254;96.46;Диянчук: 0.8%, Лескин: 3.7%, Микулов: 1.2%, Селиванов: 0.4%, Степанов: 1.6%, Томчук: 1.6%, Фетисов: 90.6%
520;Самарский;Большечерниговская;465;95.05;Диянчук: 3.9%, Лескин: 3.2%, Микулов: 2.7%, Селиванов: 1.1%, Степанов: 3.6%, Томчук: 2.9%, Фетисов: 75.8%
522;Самарский;Большечерниговская;309;99.03;Диянчук: 4.9%, Лескин: 8.5%, Микулов: 2.9%, Селиванов: 1.6%, Степанов: 2.0%, Томчук: 0.3%, Фетисов: 79.7%
523;Самарский;Большечерниговская;304;98.03;Диянчук: 2.7%, Лескин: 3.7%, Микулов: 1.0%, Селиванов: 2.7%, Степанов: 2.4%, Томчук: 2.4%, Фетисов: 85.2%
524;Самарский;Большечерниговская;294;99.32;Диянчук: 1.0%, Лескин: 2.7%, Микулов: 2.4%, Селиванов: 1.0%, Степанов: 1.4%, Томчук: 1.4%, Фетисов: 90.1%
525;Самарский;Большечерниговская;334;94.91;Диянчук: 2.2%, Лескин: 6.6%, Микулов: 0.6%, Селиванов: 1.6%, Степанов: 2.8%, Томчук: 1.3%, Фетисов: 84.9%
526;Самарский;Большечерниговская;148;98.65;Диянчук: 0.0%, Лескин: 4.1%, Микулов: 0.0%, Селиванов: 3.4%, Степанов: 2.0%, Томчук: 0.0%, Фетисов: 90.4%
527;Самарский;Большечерниговская;693;95.24;Диянчук: 1.1%, Лескин: 3.2%, Микулов: 0.6%, Селиванов: 5.8%, Степанов: 2.9%, Томчук: 1.5%, Фетисов: 85.0%
528;Самарский;Большечерниговская;368;94.84;Диянчук: 2.0%, Лескин: 6.6%, Микулов: 2.3%, Селиванов: 3.4%, Степанов: 1.7%, Томчук: 2.0%, Фетисов: 80.5%
701;Самарский;Волжская-159;1660;53.25;Диянчук: 6.7%, Лескин: 19.7%, Микулов: 4.8%, Селиванов: 6.1%, Степанов: 11.2%, Томчук: 10.8%, Фетисов: 35.3%
702;Самарский;Волжская-159;1540;55.26;Диянчук: 7.6%, Лескин: 15.9%, Микулов: 5.3%, Селиванов: 5.8%, Степанов: 9.8%, Томчук: 5.6%, Фетисов: 42.8%
703;Самарский;Волжская-159;1675;54.45;Диянчук: 5.4%, Лескин: 20.0%, Микулов: 6.7%, Селиванов: 4.6%, Степанов: 10.4%, Томчук: 7.1%, Фетисов: 39.0%
707;Самарский;Волжская-159;994;53.62;Диянчук: 5.2%, Лескин: 20.6%, Микулов: 3.8%, Селиванов: 6.8%, Степанов: 8.4%, Томчук: 9.8%, Фетисов: 41.1%
708;Самарский;Волжская-159;1234;68.56;Диянчук: 4.5%, Лескин: 9.6%, Микулов: 2.5%, Селиванов: 6.2%, Степанов: 2.6%, Томчук: 5.2%, Фетисов: 63.6%
709;Самарский;Волжская-159;2186;85.22;Диянчук: 1.8%, Лескин: 1.1%, Микулов: 1.1%, Селиванов: 3.1%, Степанов: 0.4%, Томчук: 7.0%, Фетисов: 83.6%
710;Самарский;Волжская-159;1942;55.77;Диянчук: 3.8%, Лескин: 22.1%, Микулов: 3.8%, Селиванов: 3.9%, Степанов: 6.6%, Томчук: 8.7%, Фетисов: 44.1%
711;Самарский;Волжская-159;798;75.31;Диянчук: 0.8%, Лескин: 9.3%, Микулов: 0.0%, Селиванов: 0.2%, Степанов: 2.7%, Томчук: 1.5%, Фетисов: 85.0%
712;Самарский;Волжская-159;2486;81.01;Диянчук: 0.4%, Лескин: 5.8%, Микулов: 0.6%, Селиванов: 0.5%, Степанов: 4.8%, Томчук: 2.6%, Фетисов: 85.4%
713;Самарский;Волжская-159;575;90.09;Диянчук: 1.0%, Лескин: 5.0%, Микулов: 1.0%, Селиванов: 0.6%, Степанов: 7.7%, Томчук: 0.4%, Фетисов: 84.4%
714;Самарский;Волжская-159;523;76.48;Диянчук: 1.5%, Лескин: 1.2%, Микулов: 2.5%, Селиванов: 2.5%, Степанов: 3.0%, Томчук: 3.2%, Фетисов: 85.2%
715;Самарский;Волжская-159;942;74.52;Диянчук: 4.8%, Лескин: 10.0%, Микулов: 3.6%, Селиванов: 3.9%, Степанов: 6.5%, Томчук: 8.6%, Фетисов: 60.8%
716;Самарский;Волжская-159;1275;74.98;Диянчук: 1.6%, Лескин: 7.6%, Микулов: 0.9%, Селиванов: 1.1%, Степанов: 0.8%, Томчук: 2.7%, Фетисов: 84.3%
717;Самарский;Волжская-159;944;82.20;Диянчук: 1.9%, Лескин: 3.5%, Микулов: 3.7%, Селиванов: 1.7%, Степанов: 2.6%, Томчук: 1.6%, Фетисов: 85.0%
719;Самарский;Волжская-159;1435;84.32;Диянчук: 0.5%, Лескин: 3.5%, Микулов: 0.9%, Селиванов: 0.7%, Степанов: 0.6%, Томчук: 1.2%, Фетисов: 86.3%
720;Самарский;Волжская-159;703;82.08;Диянчук: 1.7%, Лескин: 1.9%, Микулов: 4.0%, Селиванов: 2.4%, Степанов: 1.0%, Томчук: 1.6%, Фетисов: 87.3%
732;Самарский;Волжская-159;1503;80.64;Диянчук: 1.6%, Лескин: 4.7%, Микулов: 1.7%, Селиванов: 1.9%, Степанов: 1.3%, Томчук: 1.7%, Фетисов: 87.0%
736;Самарский;Волжская-159;2299;79.60;Диянчук: 2.7%, Лескин: 2.8%, Микулов: 1.9%, Селиванов: 2.1%, Степанов: 3.1%, Томчук: 3.8%, Фетисов: 83.5%
737;Самарский;Волжская-159;2375;85.22;Диянчук: 0.1%, Лескин: 0.1%, Микулов: 0.2%, Селиванов: 0.1%, Степанов: 0.1%, Томчук: 0.4%, Фетисов: 98.9%
739;Самарский;Волжская-159;644;63.51;Диянчук: 4.7%, Лескин: 13.0%, Микулов: 3.2%, Селиванов: 4.7%, Степанов: 9.5%, Томчук: 9.1%, Фетисов: 52.8%
740;Самарский;Волжская-159;906;54.64;Диянчук: 5.9%, Лескин: 12.3%, Микулов: 3.2%, Селиванов: 4.7%, Степанов: 8.1%, Томчук: 5.2%, Фетисов: 53.1%
743;Самарский;Волжская-159;633;81.83;Диянчук: 3.5%, Лескин: 1.0%, Микулов: 2.3%, Селиванов: 2.9%, Степанов: 3.3%, Томчук: 1.9%, Фетисов: 84.9%
744;Самарский;Волжская-159;373;82.04;Диянчук: 2.3%, Лескин: 3.9%, Микулов: 3.3%, Селиванов: 0.3%, Степанов: 3.3%, Томчук: 1.6%, Фетисов: 84.6%
745;Самарский;Волжская-159;2333;85.98;Диянчук: 0.6%, Лескин: 1.4%, Микулов: 0.8%, Селиванов: 1.0%, Степанов: 2.2%, Томчук: 1.9%, Фетисов: 92.1%
746;Самарский;Волжская-159;1217;54.15;Диянчук: 2.7%, Лескин: 12.9%, Микулов: 2.9%, Селиванов: 4.1%, Степанов: 8.8%, Томчук: 10.5%, Фетисов: 53.4%
747;Самарский;Волжская-159;2320;66.68;Диянчук: 2.3%, Лескин: 9.9%, Микулов: 3.0%, Селиванов: 3.8%, Степанов: 8.1%, Томчук: 6.8%, Фетисов: 63.7%
749;Самарский;Волжская-159;2128;85.06;Диянчук: 0.9%, Лескин: 0.7%, Микулов: 0.6%, Селиванов: 0.6%, Степанов: 1.8%, Томчук: 1.4%, Фетисов: 93.7%
750;Самарский;Волжская-159;1965;86.21;Диянчук: 0.7%, Лескин: 0.5%, Микулов: 2.1%, Селиванов: 0.3%, Степанов: 0.2%, Томчук: 1.8%, Фетисов: 94.4%
753;Самарский;Волжская-159;2367;90.33;Диянчук: 0.1%, Лескин: 0.1%, Микулов: 0.2%, Селиванов: 0.1%, Степанов: 0.3%, Томчук: 0.9%, Фетисов: 98.2%
1801;Самарский;Нефтегорская;882;92.29;Диянчук: 0.2%, Лескин: 15.0%, Микулов: 1.8%, Селиванов: 0.4%, Степанов: 1.2%, Томчук: 1.5%, Фетисов: 79.8%
1802;Самарский;Нефтегорская;782;85.17;Диянчук: 3.6%, Лескин: 13.7%, Микулов: 3.9%, Селиванов: 3.6%, Степанов: 4.8%, Томчук: 4.7%, Фетисов: 65.0%
1803;Самарский;Нефтегорская;822;81.27;Диянчук: 1.2%, Лескин: 12.3%, Микулов: 3.4%, Селиванов: 2.4%, Степанов: 5.4%, Томчук: 8.1%, Фетисов: 65.1%
1804;Самарский;Нефтегорская;253;82.21;Диянчук: 2.9%, Лескин: 20.7%, Микулов: 2.9%, Селиванов: 1.4%, Степанов: 1.0%, Томчук: 1.0%, Фетисов: 66.3%
1805;Самарский;Нефтегорская;122;87.70;Диянчук: 10.3%, Лескин: 12.2%, Микулов: 4.7%, Селиванов: 3.7%, Степанов: 1.9%, Томчук: 0.9%, Фетисов: 66.4%
1806;Самарский;Нефтегорская;825;93.94;Диянчук: 0.9%, Лескин: 14.8%, Микулов: 1.4%, Селиванов: 1.3%, Степанов: 3.0%, Томчук: 4.7%, Фетисов: 72.1%
1807;Самарский;Нефтегорская;620;81.13;Диянчук: 1.4%, Лескин: 7.4%, Микулов: 0.6%, Селиванов: 1.0%, Степанов: 1.2%, Томчук: 2.6%, Фетисов: 84.5%
1808;Самарский;Нефтегорская;839;82.84;Диянчук: 3.3%, Лескин: 11.8%, Микулов: 3.2%, Селиванов: 2.9%, Степанов: 4.9%, Томчук: 7.6%, Фетисов: 65.6%
1809;Самарский;Нефтегорская;881;86.83;Диянчук: 5.0%, Лескин: 9.0%, Микулов: 5.8%, Селиванов: 4.0%, Степанов: 4.0%, Томчук: 5.1%, Фетисов: 65.1%
1810;Самарский;Нефтегорская;815;82.82;Диянчук: 3.9%, Лескин: 14.5%, Микулов: 3.1%, Селиванов: 2.5%, Степанов: 3.7%, Томчук: 4.4%, Фетисов: 65.0%
1811;Самарский;Нефтегорская;198;85.86;Диянчук: 1.8%, Лескин: 28.2%, Микулов: 6.5%, Селиванов: 5.9%, Степанов: 7.7%, Томчук: 5.9%, Фетисов: 39.4%
1812;Самарский;Нефтегорская;1698;85.81;Диянчук: 2.6%, Лескин: 15.2%, Микулов: 0.9%, Селиванов: 1.0%, Степанов: 4.2%, Томчук: 7.7%, Фетисов: 66.7%
1813;Самарский;Нефтегорская;1662;52.11;Диянчук: 1.6%, Лескин: 14.2%, Микулов: 1.7%, Селиванов: 1.0%, Степанов: 2.0%, Томчук: 2.2%, Фетисов: 76.1%
1814;Самарский;Нефтегорская;1648;83.62;Диянчук: 2.0%, Лескин: 12.5%, Микулов: 2.0%, Селиванов: 2.5%, Степанов: 1.0%, Томчук: 8.7%, Фетисов: 65.8%
1815;Самарский;Нефтегорская;1610;81.30;Диянчук: 1.4%, Лескин: 7.7%, Микулов: 1.2%, Селиванов: 1.1%, Степанов: 1.4%, Томчук: 2.0%, Фетисов: 81.0%
1817;Самарский;Нефтегорская;578;89.62;Диянчук: 4.2%, Лескин: 11.4%, Микулов: 2.7%, Селиванов: 4.6%, Степанов: 4.8%, Томчук: 4.2%, Фетисов: 67.0%
1818;Самарский;Нефтегорская;1684;96.56;Диянчук: 2.5%, Лескин: 12.7%, Микулов: 2.7%, Селиванов: 3.1%, Степанов: 3.8%, Томчук: 5.0%, Фетисов: 67.7%
1819;Самарский;Нефтегорская;350;91.14;Диянчук: 3.1%, Лескин: 9.4%, Микулов: 1.6%, Селиванов: 2.5%, Степанов: 3.5%, Томчук: 2.2%, Фетисов: 67.1%
1821;Самарский;Нефтегорская;759;100.00;Диянчук: 0.5%, Лескин: 11.1%, Микулов: 5.8%, Селиванов: 3.3%, Степанов: 4.3%, Томчук: 6.1%, Фетисов: 68.9%
1822;Самарский;Нефтегорская;1507;81.88;Диянчук: 4.4%, Лескин: 14.2%, Микулов: 2.8%, Селиванов: 2.8%, Степанов: 3.2%, Томчук: 3.2%, Фетисов: 65.4%
1823;Самарский;Нефтегорская;153;83.01;Диянчук: 3.1%, Лескин: 9.4%, Микулов: 0.0%, Селиванов: 1.6%, Степанов: 9.4%, Томчук: 3.1%, Фетисов: 70.9%
1824;Самарский;Нефтегорская;785;77.07;Диянчук: 3.3%, Лескин: 10.6%, Микулов: 5.8%, Селиванов: 5.0%, Степанов: 4.1%, Томчук: 3.5%, Фетисов: 65.3%
1825;Самарский;Нефтегорская;121;92.56;Диянчук: 1.8%, Лескин: 2.7%, Микулов: 2.7%, Селиванов: 6.2%, Степанов: 5.4%, Томчук: 4.5%, Фетисов: 76.8%
1827;Самарский;Нефтегорская;862;91.07;Диянчук: 1.8%, Лескин: 11.7%, Микулов: 5.3%, Селиванов: 4.7%, Степанов: 6.2%, Томчук: 4.5%, Фетисов: 65.1%
1828;Самарский;Нефтегорская;569;87.17;Диянчук: 3.2%, Лескин: 15.1%, Микулов: 3.6%, Селиванов: 4.0%, Степанов: 9.5%, Томчук: 5.7%, Фетисов: 56.9%
1901;Самарский;Новокуйбышевская городская;1239;53.91;Диянчук: 3.8%, Лескин: 36.4%, Микулов: 3.3%, Селиванов: 3.5%, Степанов: 8.6%, Томчук: 13.5%, Фетисов: 25.5%
1902;Самарский;Новокуйбышевская городская;1608;49.88;Диянчук: 3.7%, Лескин: 35.5%, Микулов: 4.5%, Селиванов: 4.5%, Степанов: 7.1%, Томчук: 11.2%, Фетисов: 24.6%
1903;Самарский;Новокуйбышевская городская;1271;47.36;Диянчук: 3.2%, Лескин: 31.7%, Микулов: 4.5%, Селиванов: 5.3%, Степанов: 7.0%, Томчук: 14.9%, Фетисов: 26.4%
1904;Самарский;Новокуйбышевская городская;2315;49.76;Диянчук: 3.3%, Лескин: 34.2%, Микулов: 3.0%, Селиванов: 3.7%, Степанов: 9.7%, Томчук: 10.9%, Фетисов: 29.7%
1905;Самарский;Новокуйбышевская городская;1701;52.32;Диянчук: 3.5%, Лескин: 33.9%, Микулов: 2.6%, Селиванов: 4.3%, Степанов: 7.0%, Томчук: 15.3%, Фетисов: 26.9%
1906;Самарский;Новокуйбышевская городская;1562;56.21;Диянчук: 4.8%, Лескин: 32.8%, Микулов: 2.9%, Селиванов: 4.5%, Степанов: 9.7%, Томчук: 12.0%, Фетисов: 25.3%
1907;Самарский;Новокуйбышевская городская;942;46.28;Диянчук: 3.9%, Лескин: 28.9%, Микулов: 2.3%, Селиванов: 5.5%, Степанов: 9.7%, Томчук: 10.8%, Фетисов: 33.7%
1908;Самарский;Новокуйбышевская городская;1996;52.51;Диянчук: 3.1%, Лескин: 34.4%, Микулов: 3.5%, Селиванов: 5.0%, Степанов: 9.3%, Томчук: 13.3%, Фетисов: 27.0%
1909;Самарский;Новокуйбышевская городская;895;56.65;Диянчук: 4.1%, Лескин: 32.5%, Микулов: 2.0%, Селиванов: 5.3%, Степанов: 9.5%, Томчук: 10.4%, Фетисов: 29.4%
1910;Самарский;Новокуйбышевская городская;1696;52.95;Диянчук: 3.6%, Лескин: 33.1%, Микулов: 3.9%, Селиванов: 6.3%, Степанов: 8.2%, Томчук: 12.5%, Фетисов: 25.3%
1911;Самарский;Новокуйбышевская городская;1693;47.84;Диянчук: 2.0%, Лескин: 33.7%, Микулов: 4.0%, Селиванов: 5.3%, Степанов: 8.8%, Томчук: 11.2%, Фетисов: 27.9%
1912;Самарский;Новокуйбышевская городская;1622;54.38;Диянчук: 3.7%, Лескин: 35.5%, Микулов: 3.5%, Селиванов: 3.6%, Степанов: 7.8%, Томчук: 11.7%, Фетисов: 26.8%
1913;Самарский;Новокуйбышевская городская;1399;51.39;Диянчук: 3.5%, Лескин: 36.4%, Микулов: 2.9%, Селиванов: 3.5%, Степанов: 7.5%, Томчук: 14.1%, Фетисов: 26.4%
1914;Самарский;Новокуйбышевская городская;1375;52.80;Диянчук: 2.9%, Лескин: 34.2%, Микулов: 3.2%, Селиванов: 5.0%, Степанов: 10.2%, Томчук: 15.2%, Фетисов: 24.5%
1915;Самарский;Новокуйбышевская городская;2015;45.16;Диянчук: 3.7%, Лескин: 38.1%, Микулов: 3.6%, Селиванов: 4.2%, Степанов: 9.2%, Томчук: 11.9%, Фетисов: 22.8%
1916;Самарский;Новокуйбышевская городская;1878;49.04;Диянчук: 3.8%, Лескин: 34.7%, Микулов: 2.8%, Селиванов: 6.0%, Степанов: 8.7%, Томчук: 10.9%, Фетисов: 27.9%
1917;Самарский;Новокуйбышевская городская;1072;49.07;Диянчук: 3.6%, Лескин: 32.5%, Микулов: 3.0%, Селиванов: 3.6%, Степанов: 8.8%, Томчук: 12.2%, Фетисов: 28.9%
1918;Самарский;Новокуйбышевская городская;1319;50.49;Диянчук: 5.1%, Лескин: 32.2%, Микулов: 3.9%, Селиванов: 3.3%, Степанов: 9.2%, Томчук: 12.2%, Фетисов: 26.8%
1919;Самарский;Новокуйбышевская городская;1234;47.41;Диянчук: 2.9%, Лескин: 37.1%, Микулов: 4.3%, Селиванов: 3.4%, Степанов: 7.9%, Томчук: 10.9%, Фетисов: 24.6%
1920;Самарский;Новокуйбышевская городская;1709;47.86;Диянчук: 3.9%, Лескин: 31.3%, Микулов: 4.2%, Селиванов: 3.8%, Степанов: 10.9%, Томчук: 12.7%, Фетисов: 27.3%
1921;Самарский;Новокуйбышевская городская;1753;50.43;Диянчук: 3.7%, Лескин: 37.0%, Микулов: 3.6%, Селиванов: 4.5%, Степанов: 7.9%, Томчук: 10.8%, Фетисов: 26.2%
1922;Самарский;Новокуйбышевская городская;1541;49.32;Диянчук: 4.3%, Лескин: 34.6%, Микулов: 4.0%, Селиванов: 4.1%, Степанов: 9.9%, Томчук: 11.4%, Фетисов: 25.0%
1923;Самарский;Новокуйбышевская городская;1365;51.36;Диянчук: 4.6%, Лескин: 31.8%, Микулов: 3.7%, Селиванов: 4.7%, Степанов: 7.8%, Томчук: 9.7%, Фетисов: 30.8%
1924;Самарский;Новокуйбышевская городская;1395;45.66;Диянчук: 4.4%, Лескин: 28.3%, Микулов: 3.6%, Селиванов: 5.5%, Степанов: 8.8%, Томчук: 13.5%, Фетисов: 29.2%
1925;Самарский;Новокуйбышевская городская;1520;50.66;Диянчук: 4.7%, Лескин: 31.7%, Микулов: 3.2%, Селиванов: 4.8%, Степанов: 7.5%, Томчук: 14.6%, Фетисов: 26.4%
1926;Самарский;Новокуйбышевская городская;1153;53.08;Диянчук: 3.4%, Лескин: 40.7%, Микулов: 2.3%, Селиванов: 5.4%, Степанов: 7.8%, Томчук: 12.4%, Фетисов: 22.6%
1927;Самарский;Новокуйбышевская городская;1429;60.39;Диянчук: 2.1%, Лескин: 27.7%, Микулов: 2.9%, Селиванов: 3.8%, Степанов: 6.0%, Томчук: 12.6%, Фетисов: 40.8%
1928;Самарский;Новокуйбышевская городская;1804;46.29;Диянчук: 2.5%, Лескин: 15.9%, Микулов: 1.2%, Селиванов: 2.8%, Степанов: 4.0%, Томчук: 7.1%, Фетисов: 63.4%
1929;Самарский;Новокуйбышевская городская;1453;46.25;Диянчук: 4.6%, Лескин: 33.6%, Микулов: 2.2%, Селиванов: 4.5%, Степанов: 9.2%, Томчук: 11.5%, Фетисов: 27.2%
1930;Самарский;Новокуйбышевская городская;1756;52.90;Диянчук: 3.5%, Лескин: 29.2%, Микулов: 2.8%, Селиванов: 5.6%, Степанов: 8.7%, Томчук: 14.6%, Фетисов: 31.2%
1931;Самарский;Новокуйбышевская городская;1490;52.48;Диянчук: 4.5%, Лескин: 27.9%, Микулов: 3.6%, Селиванов: 5.0%, Степанов: 9.0%, Томчук: 15.7%, Фетисов: 28.5%
1932;Самарский;Новокуйбышевская городская;1401;49.68;Диянчук: 3.2%, Лескин: 31.3%, Микулов: 3.0%, Селиванов: 4.0%, Степанов: 10.8%, Томчук: 14.7%, Фетисов: 26.3%
1933;Самарский;Новокуйбышевская городская;2167;42.73;Диянчук: 2.9%, Лескин: 30.6%, Микулов: 4.3%, Селиванов: 3.6%, Степанов: 9.8%, Томчук: 11.5%, Фетисов: 27.6%
1934;Самарский;Новокуйбышевская городская;1222;44.52;Диянчук: 1.6%, Лескин: 20.2%, Микулов: 4.2%, Селиванов: 5.0%, Степанов: 3.3%, Томчук: 4.6%, Фетисов: 53.1%
1935;Самарский;Новокуйбышевская городская;1724;54.87;Диянчук: 3.4%, Лескин: 35.8%, Микулов: 2.6%, Селиванов: 5.9%, Степанов: 10.6%, Томчук: 11.7%, Фетисов: 25.5%
1936;Самарский;Новокуйбышевская городская;1705;45.87;Диянчук: 3.3%, Лескин: 36.2%, Микулов: 3.2%, Селиванов: 4.7%, Степанов: 9.8%, Томчук: 10.0%, Фетисов: 27.0%
1937;Самарский;Новокуйбышевская городская;1159;52.46;Диянчук: 6.2%, Лескин: 32.6%, Микулов: 3.0%, Селиванов: 5.1%, Степанов: 11.3%, Томчук: 10.2%, Фетисов: 25.3%
1938;Самарский;Новокуйбышевская городская;386;66.84;Диянчук: 1.6%, Лескин: 23.6%, Микулов: 3.5%, Селиванов: 4.3%, Степанов: 9.3%, Томчук: 6.6%, Фетисов: 48.8%
1939;Самарский;Новокуйбышевская городская;705;49.36;Диянчук: 6.3%, Лескин: 37.4%, Микулов: 3.2%, Селиванов: 4.0%, Степанов: 8.1%, Томчук: 8.3%, Фетисов: 26.4%
1940;Самарский;Новокуйбышевская городская;1072;44.96;Диянчук: 4.2%, Лескин: 33.0%, Микулов: 3.7%, Селиванов: 4.6%, Степанов: 8.9%, Томчук: 11.6%, Фетисов: 28.0%
1941;Самарский;Новокуйбышевская городская;867;47.17;Диянчук: 3.4%, Лескин: 25.9%, Микулов: 3.2%, Селиванов: 3.7%, Степанов: 6.1%, Томчук: 10.3%, Фетисов: 45.2%
1942;Самарский;Новокуйбышевская городская;1489;45.80;Диянчук: 2.9%, Лескин: 34.6%, Микулов: 2.0%, Селиванов: 5.1%, Степанов: 9.4%, Томчук: 15.0%, Фетисов: 30.9%
1943;Самарский;Новокуйбышевская городская;1662;51.02;Диянчук: 2.0%, Лескин: 23.3%, Микулов: 1.3%, Селиванов: 2.2%, Степанов: 4.9%, Томчук: 6.8%, Фетисов: 56.5%
1944;Самарский;Новокуйбышевская городская;1698;47.70;Диянчук: 3.7%, Лескин: 34.4%, Микулов: 4.1%, Селиванов: 5.3%, Степанов: 7.8%, Томчук: 11.5%, Фетисов: 25.8%
1945;Самарский;Новокуйбышевская городская;871;46.15;Диянчук: 4.0%, Лескин: 33.8%, Микулов: 1.7%, Селиванов: 3.7%, Степанов: 9.7%, Томчук: 13.4%, Фетисов: 29.1%
1946;Самарский;Новокуйбышевская городская;1487;42.77;Диянчук: 3.8%, Лескин: 32.8%, Микулов: 2.4%, Селиванов: 3.6%, Степанов: 9.8%, Томчук: 12.9%, Фетисов: 27.2%
1947;Самарский;Новокуйбышевская городская;1558;53.79;Диянчук: 5.1%, Лескин: 31.6%, Микулов: 4.5%, Селиванов: 4.2%, Степанов: 10.1%, Томчук: 12.2%, Фетисов: 26.9%
1948;Самарский;Новокуйбышевская городская;1702;47.30;Диянчук: 4.1%, Лескин: 30.9%, Микулов: 4.0%, Селиванов: 5.0%, Степанов: 9.2%, Томчук: 10.6%, Фетисов: 28.6%
1949;Самарский;Новокуйбышевская городская;1661;53.88;Диянчук: 4.5%, Лескин: 36.2%, Микулов: 4.1%, Селиванов: 4.6%, Степанов: 9.1%, Томчук: 12.8%, Фетисов: 22.2%
1950;Самарский;Новокуйбышевская городская;1108;48.65;Диянчук: 3.0%, Лескин: 31.7%, Микулов: 2.6%, Селиванов: 4.8%, Степанов: 10.4%, Томчук: 10.8%, Фетисов: 27.6%
1951;Самарский;Новокуйбышевская городская;1566;55.30;Диянчук: 4.0%, Лескин: 31.7%, Микулов: 3.4%, Селиванов: 4.8%, Степанов: 8.7%, Томчук: 13.1%, Фетисов: 28.6%
1952;Самарский;Новокуйбышевская городская;1873;54.73;Диянчук: 3.9%, Лескин: 34.6%, Микулов: 3.6%, Селиванов: 5.4%, Степанов: 7.8%, Томчук: 11.4%, Фетисов: 26.5%
2501;Самарский;Самара, Железнодорожная;1740;29.60;Диянчук: 3.7%, Лескин: 9.7%, Микулов: 3.1%, Селиванов: 1.9%, Степанов: 7.4%, Томчук: 9.7%, Фетисов: 61.8%
2502;Самарский;Самара, Железнодорожная;1291;29.51;Диянчук: 3.4%, Лескин: 14.4%, Микулов: 3.4%, Селиванов: 4.7%, Степанов: 6.8%, Томчук: 5.8%, Фетисов: 57.2%
2503;Самарский;Самара, Железнодорожная;1143;65.27;Диянчук: 2.4%, Лескин: 14.9%, Микулов: 2.8%, Селиванов: 4.2%, Степанов: 5.8%, Томчук: 9.0%, Фетисов: 57.8%
2504;Самарский;Самара, Железнодорожная;2077;56.67;Диянчук: 3.1%, Лескин: 13.8%, Микулов: 2.4%, Селиванов: 4.0%, Степанов: 5.9%, Томчук: 11.1%, Фетисов: 59.8%
2505;Самарский;Самара, Железнодорожная;2492;44.06;Диянчук: 4.0%, Лескин: 18.0%, Микулов: 2.7%, Селиванов: 4.2%, Степанов: 7.5%, Томчук: 17.9%, Фетисов: 42.7%
2506;Самарский;Самара, Железнодорожная;1544;53.50;Диянчук: 4.1%, Лескин: 17.1%, Микулов: 2.3%, Селиванов: 5.2%, Степанов: 5.9%, Томчук: 11.4%, Фетисов: 49.1%
2507;Самарский;Самара, Железнодорожная;2772;37.77;Диянчук: 4.6%, Лескин: 22.2%, Микулов: 2.9%, Селиванов: 5.4%, Степанов: 9.4%, Томчук: 18.1%, Фетисов: 33.9%
2508;Самарский;Самара, Железнодорожная;2050;45.51;Диянчук: 4.4%, Лескин: 16.8%, Микулов: 2.7%, Селиванов: 4.5%, Степанов: 7.6%, Томчук: 10.2%, Фетисов: 51.5%
2509;Самарский;Самара, Железнодорожная;2491;51.43;Диянчук: 2.5%, Лескин: 16.3%, Микулов: 2.2%, Селиванов: 4.5%, Степанов: 7.7%, Томчук: 14.8%, Фетисов: 49.5%
2510;Самарский;Самара, Железнодорожная;1744;51.95;Диянчук: 4.3%, Лескин: 18.1%, Микулов: 2.8%, Селиванов: 4.4%, Степанов: 7.7%, Томчук: 10.3%, Фетисов: 49.0%
2511;Самарский;Самара, Железнодорожная;1636;48.17;Диянчук: 4.4%, Лескин: 17.3%, Микулов: 2.7%, Селиванов: 5.2%, Степанов: 7.7%, Томчук: 11.9%, Фетисов: 46.7%
2512;Самарский;Самара, Железнодорожная;2061;41.87;Диянчук: 4.1%, Лескин: 19.7%, Микулов: 3.7%, Селиванов: 6.8%, Степанов: 10.8%, Томчук: 15.3%, Фетисов: 34.8%
2513;Самарский;Самара, Железнодорожная;2177;53.97;Диянчук: 2.3%, Лескин: 13.7%, Микулов: 2.0%, Селиванов: 4.3%, Степанов: 5.8%, Томчук: 12.0%, Фетисов: 59.8%
2514;Самарский;Самара, Железнодорожная;1858;55.44;Диянчук: 3.9%, Лескин: 16.3%, Микулов: 2.5%, Селиванов: 4.2%, Степанов: 6.4%, Томчук: 9.4%, Фетисов: 55.0%
2515;Самарский;Самара, Железнодорожная;1417;52.51;Диянчук: 4.3%, Лескин: 17.1%, Микулов: 3.4%, Селиванов: 4.4%, Степанов: 7.5%, Томчук: 9.4%, Фетисов: 49.6%
2516;Самарский;Самара, Железнодорожная;2409;54.55;Диянчук: 3.2%, Лескин: 16.7%, Микулов: 3.5%, Селиванов: 3.8%, Степанов: 8.4%, Томчук: 11.6%, Фетисов: 48.9%
2517;Самарский;Самара, Железнодорожная;1320;48.03;Диянчук: 3.5%, Лескин: 14.3%, Микулов: 2.4%, Селиванов: 6.8%, Степанов: 7.3%, Томчук: 8.0%, Фетисов: 52.8%
2518;Самарский;Самара, Железнодорожная;1262;37.80;Диянчук: 4.2%, Лескин: 22.4%, Микулов: 5.7%, Селиванов: 6.3%, Степанов: 10.9%, Томчук: 10.5%, Фетисов: 35.2%
2519;Самарский;Самара, Железнодорожная;2574;46.66;Диянчук: 1.7%, Лескин: 16.9%, Микулов: 2.3%, Селиванов: 2.8%, Степанов: 7.2%, Томчук: 14.2%, Фетисов: 52.3%
2520;Самарский;Самара, Железнодорожная;1674;47.73;Диянчук: 3.2%, Лескин: 17.4%, Микулов: 2.9%, Селиванов: 5.1%, Степанов: 6.5%, Томчук: 2.4%, Фетисов: 57.5%
2521;Самарский;Самара, Железнодорожная;2089;39.11;Диянчук: 5.1%, Лескин: 20.2%, Микулов: 4.0%, Селиванов: 5.4%, Степанов: 10.2%, Томчук: 15.9%, Фетисов: 35.1%
2522;Самарский;Самара, Железнодорожная;2114;44.94;Диянчук: 5.2%, Лескин: 13.2%, Микулов: 1.6%, Селиванов: 4.2%, Степанов: 8.2%, Томчук: 13.6%, Фетисов: 53.0%
2523;Самарский;Самара, Железнодорожная;1761;41.40;Диянчук: 3.6%, Лескин: 18.9%, Микулов: 3.7%, Селиванов: 6.7%, Степанов: 8.5%, Томчук: 12.9%, Фетисов: 40.6%
2524;Самарский;Самара, Железнодорожная;1900;39.95;Диянчук: 5.0%, Лескин: 18.3%, Микулов: 4.6%, Селиванов: 7.2%, Степанов: 9.0%, Томчук: 14.5%, Фетисов: 34.4%
2525;Самарский;Самара, Железнодорожная;1335;46.82;Диянчук: 2.7%, Лескин: 13.4%, Микулов: 3.0%, Селиванов: 5.0%, Степанов: 6.2%, Томчук: 7.5%, Фетисов: 56.3%
2526;Самарский;Самара, Железнодорожная;2092;41.78;Диянчук: 3.5%, Лескин: 17.6%, Микулов: 3.8%, Селиванов: 5.6%, Степанов: 9.7%, Томчук: 10.9%, Фетисов: 43.4%
2527;Самарский;Самара, Железнодорожная;1301;54.50;Диянчук: 4.0%, Лескин: 13.5%, Микулов: 3.2%, Селиванов: 4.4%, Степанов: 8.9%, Томчук: 9.3%, Фетисов: 52.6%
2528;Самарский;Самара, Железнодорожная;2106;48.24;Диянчук: 3.9%, Лескин: 10.8%, Микулов: 1.8%, Селиванов: 4.1%, Степанов: 3.7%, Томчук: 12.0%, Фетисов: 57.6%
2529;Самарский;Самара, Железнодорожная;2028;46.40;Диянчук: 3.7%, Лескин: 17.3%, Микулов: 3.4%, Селиванов: 4.9%, Степанов: 8.4%, Томчук: 9.9%, Фетисов: 48.5%
2530;Самарский;Самара, Железнодорожная;1639;42.59;Диянчук: 3.9%, Лескин: 14.6%, Микулов: 2.3%, Селиванов: 2.6%, Степанов: 7.0%, Томчук: 8.9%, Фетисов: 55.2%
2531;Самарский;Самара, Железнодорожная;1582;54.24;Диянчук: 4.9%, Лескин: 15.0%, Микулов: 3.3%, Селиванов: 3.9%, Степанов: 9.0%, Томчук: 10.5%, Фетисов: 50.7%
2532;Самарский;Самара, Железнодорожная;1856;48.01;Диянчук: 4.9%, Лескин: 15.3%, Микулов: 2.6%, Селиванов: 5.4%, Степанов: 10.3%, Томчук: 9.9%, Фетисов: 46.4%
2534;Самарский;Самара, Железнодорожная;1538;51.76;Диянчук: 3.5%, Лескин: 12.8%, Микулов: 3.4%, Селиванов: 5.0%, Степанов: 6.0%, Томчук: 11.2%, Фетисов: 55.5%
2535;Самарский;Самара, Железнодорожная;2076;46.44;Диянчук: 4.5%, Лескин: 17.1%, Микулов: 2.7%, Селиванов: 5.6%, Степанов: 8.0%, Томчук: 13.7%, Фетисов: 44.6%
2536;Самарский;Самара, Железнодорожная;2308;43.33;Диянчук: 3.5%, Лескин: 17.8%, Микулов: 3.5%, Селиванов: 5.2%, Степанов: 7.9%, Томчук: 14.5%, Фетисов: 44.5%
2537;Самарский;Самара, Железнодорожная;1295;47.64;Диянчук: 4.2%, Лескин: 15.7%, Микулов: 4.2%, Селиванов: 3.7%, Степанов: 6.8%, Томчук: 17.2%, Фетисов: 41.5%
2538;Самарский;Самара, Железнодорожная;2081;49.78;Диянчук: 5.2%, Лескин: 16.0%, Микулов: 2.8%, Селиванов: 4.9%, Степанов: 6.8%, Томчук: 10.6%, Фетисов: 48.1%
2539;Самарский;Самара, Железнодорожная;1844;46.04;Диянчук: 4.7%, Лескин: 18.4%, Микулов: 2.4%, Селиванов: 5.4%, Степанов: 8.5%, Томчук: 15.9%, Фетисов: 42.0%
2540;Самарский;Самара, Железнодорожная;1705;41.82;Диянчук: 7.3%, Лескин: 14.2%, Микулов: 8.7%, Селиванов: 8.8%, Степанов: 8.3%, Томчук: 11.1%, Фетисов: 36.6%
2541;Самарский;Самара, Железнодорожная;2311;40.03;Диянчук: 3.1%, Лескин: 15.5%, Микулов: 3.4%, Селиванов: 3.8%, Степанов: 7.8%, Томчук: 10.9%, Фетисов: 50.8%
2542;Самарский;Самара, Железнодорожная;2494;60.83;Диянчук: 2.2%, Лескин: 9.9%, Микулов: 2.4%, Селиванов: 3.4%, Степанов: 4.3%, Томчук: 5.5%, Фетисов: 68.0%
2543;Самарский;Самара, Железнодорожная;128;17.19;Диянчук: 0.0%, Лескин: 18.2%, Микулов: 0.0%, Селиванов: 9.1%, Степанов: 9.1%, Томчук: 13.6%, Фетисов: 50.0%
2801;Самарский;Самара, Куйбышевская;1662;54.63;Диянчук: 3.3%, Лескин: 13.7%, Микулов: 2.3%, Селиванов: 3.0%, Степанов: 6.9%, Томчук: 12.7%, Фетисов: 57.3%
2802;Самарский;Самара, Куйбышевская;1827;50.30;Диянчук: 1.9%, Лескин: 9.4%, Микулов: 1.2%, Селиванов: 2.0%, Степанов: 3.4%, Томчук: 6.8%, Фетисов: 71.6%
2803;Самарский;Самара, Куйбышевская;1632;63.73;Диянчук: 2.2%, Лескин: 4.9%, Микулов: 0.6%, Селиванов: 1.0%, Степанов: 1.8%, Томчук: 1.7%, Фетисов: 87.1%
2804;Самарский;Самара, Куйбышевская;1397;78.53;Диянчук: 2.4%, Лескин: 10.4%, Микулов: 1.6%, Селиванов: 3.5%, Степанов: 5.7%, Томчук: 7.4%, Фетисов: 65.6%
2805;Самарский;Самара, Куйбышевская;1941;61.31;Диянчук: 2.3%, Лескин: 9.8%, Микулов: 2.2%, Селиванов: 3.5%, Степанов: 5.8%, Томчук: 5.0%, Фетисов: 68.8%
2806;Самарский;Самара, Куйбышевская;744;63.71;Диянчук: 2.3%, Лескин: 2.5%, Микулов: 1.3%, Селиванов: 4.4%, Степанов: 8.2%, Томчук: 10.6%, Фетисов: 68.6%
2807;Самарский;Самара, Куйбышевская;2352;70.75;Диянчук: 2.5%, Лескин: 8.7%, Микулов: 2.8%, Селиванов: 3.0%, Степанов: 5.8%, Томчук: 8.3%, Фетисов: 66.2%
2808;Самарский;Самара, Куйбышевская;1352;55.77;Диянчук: 2.2%, Лескин: 7.6%, Микулов: 1.7%, Селиванов: 2.6%, Степанов: 5.2%, Томчук: 4.6%, Фетисов: 73.3%
2809;Самарский;Самара, Куйбышевская;2496;38.66;Диянчук: 5.8%, Лескин: 18.6%, Микулов: 3.1%, Селиванов: 6.8%, Степанов: 11.5%, Томчук: 11.6%, Фетисов: 37.2%
2810;Самарский;Самара, Куйбышевская;2765;66.44;Диянчук: 0.9%, Лескин: 4.8%, Микулов: 0.8%, Селиванов: 1.1%, Степанов: 2.4%, Томчук: 4.3%, Фетисов: 85.2%
2811;Самарский;Самара, Куйбышевская;1127;64.24;Диянчук: 2.6%, Лескин: 9.5%, Микулов: 2.5%, Селиванов: 4.3%, Степанов: 3.6%, Томчук: 8.3%, Фетисов: 61.3%
2812;Самарский;Самара, Куйбышевская;1410;59.93;Диянчук: 2.8%, Лескин: 9.7%, Микулов: 1.8%, Селиванов: 1.7%, Степанов: 4.4%, Томчук: 3.3%, Фетисов: 74.1%
2813;Самарский;Самара, Куйбышевская;1841;57.96;Диянчук: 3.9%, Лескин: 15.9%, Микулов: 3.2%, Селиванов: 4.0%, Степанов: 8.6%, Томчук: 11.2%, Фетисов: 49.8%
2814;Самарский;Самара, Куйбышевская;1237;67.10;Диянчук: 2.0%, Лескин: 13.7%, Микулов: 2.0%, Селиванов: 3.4%, Степанов: 6.5%, Томчук: 9.5%, Фетисов: 62.8%
2815;Самарский;Самара, Куйбышевская;1543;68.11;Диянчук: 0.9%, Лескин: 19.3%, Микулов: 1.7%, Селиванов: 1.4%, Степанов: 3.3%, Томчук: 3.0%, Фетисов: 69.7%
2816;Самарский;Самара, Куйбышевская;2100;66.71;Диянчук: 2.1%, Лескин: 6.1%, Микулов: 2.3%, Селиванов: 2.1%, Степанов: 4.8%, Томчук: 7.7%, Фетисов: 73.5%
2817;Самарский;Самара, Куйбышевская;2180;59.91;Диянчук: 2.6%, Лескин: 9.5%, Микулов: 2.6%, Селиванов: 4.2%, Степанов: 4.1%, Томчук: 5.0%, Фетисов: 70.7%
2818;Самарский;Самара, Куйбышевская;1297;53.43;Диянчук: 1.7%, Лескин: 7.4%, Микулов: 1.4%, Селиванов: 2.3%, Степанов: 4.5%, Томчук: 6.5%, Фетисов: 72.5%
2819;Самарский;Самара, Куйбышевская;2315;55.03;Диянчук: 2.8%, Лескин: 12.6%, Микулов: 1.6%, Селиванов: 4.4%, Степанов: 5.8%, Томчук: 7.2%, Фетисов: 61.5%
2820;Самарский;Самара, Куйбышевская;983;62.05;Диянчук: 2.0%, Лескин: 7.2%, Микулов: 1.3%, Селиванов: 2.8%, Степанов: 3.3%, Томчук: 3.3%, Фетисов: 80.2%
2821;Самарский;Самара, Куйбышевская;2269;68.80;Диянчук: 2.8%, Лескин: 10.0%, Микулов: 2.2%, Селиванов: 3.6%, Степанов: 6.3%, Томчук: 5.7%, Фетисов: 66.0%
2822;Самарский;Самара, Куйбышевская;2262;62.33;Диянчук: 1.0%, Лескин: 6.2%, Микулов: 0.8%, Селиванов: 0.7%, Степанов: 1.8%, Томчук: 4.2%, Фетисов: 84.2%
2823;Самарский;Самара, Куйбышевская;1137;59.28;Диянчук: 3.4%, Лескин: 10.2%, Микулов: 3.2%, Селиванов: 4.2%, Степанов: 6.5%, Томчук: 7.8%, Фетисов: 60.2%
2824;Самарский;Самара, Куйбышевская;1283;46.92;Диянчук: 3.0%, Лескин: 15.4%, Микулов: 2.5%, Селиванов: 1.7%, Степанов: 7.0%, Томчук: 8.8%, Фетисов: 60.0%
2825;Самарский;Самара, Куйбышевская;1277;67.58;Диянчук: 3.5%, Лескин: 11.2%, Микулов: 2.4%, Селиванов: 3.2%, Степанов: 5.0%, Томчук: 9.8%, Фетисов: 60.6%
2826;Самарский;Самара, Куйбышевская;2232;48.34;Диянчук: 3.0%, Лескин: 11.7%, Микулов: 2.0%, Селиванов: 3.6%, Степанов: 4.8%, Томчук: 7.0%, Фетисов: 66.4%
2827;Самарский;Самара, Куйбышевская;1780;69.83;Диянчук: 0.8%, Лескин: 4.5%, Микулов: 1.1%, Селиванов: 0.9%, Степанов: 2.2%, Томчук: 3.0%, Фетисов: 86.0%
2828;Самарский;Самара, Куйбышевская;1212;67.16;Диянчук: 1.0%, Лескин: 7.0%, Микулов: 1.1%, Селиванов: 1.0%, Степанов: 2.0%, Томчук: 3.9%, Фетисов: 81.9%
2829;Самарский;Самара, Куйбышевская;1192;60.07;Диянчук: 0.8%, Лескин: 5.7%, Микулов: 1.3%, Селиванов: 1.5%, Степанов: 2.1%, Томчук: 3.5%, Фетисов: 84.8%
2830;Самарский;Самара, Куйбышевская;2017;60.88;Диянчук: 2.7%, Лескин: 9.6%, Микулов: 2.3%, Селиванов: 1.5%, Степанов: 4.7%, Томчук: 5.0%, Фетисов: 71.7%
2831;Самарский;Самара, Куйбышевская;1641;60.33;Диянчук: 1.6%, Лескин: 5.2%, Микулов: 3.1%, Селиванов: 2.2%, Степанов: 6.5%, Томчук: 10.1%, Фетисов: 70.2%
2832;Самарский;Самара, Куйбышевская;2862;55.03;Диянчук: 2.7%, Лескин: 9.3%, Микулов: 3.2%, Селиванов: 3.4%, Степанов: 5.8%, Томчук: 8.0%, Фетисов: 63.8%
2833;Самарский;Самара, Куйбышевская;2579;55.41;Диянчук: 3.1%, Лескин: 12.3%, Микулов: 2.7%, Селиванов: 4.5%, Степанов: 5.9%, Томчук: 8.0%, Фетисов: 63.5%
2834;Самарский;Самара, Куйбышевская;2479;38.08;Диянчук: 2.6%, Лескин: 19.1%, Микулов: 3.4%, Селиванов: 4.7%, Степанов: 10.2%, Томчук: 12.8%, Фетисов: 45.3%
2835;Самарский;Самара, Куйбышевская;2466;62.73;Диянчук: 0.9%, Лескин: 5.4%, Микулов: 0.8%, Селиванов: 1.3%, Степанов: 2.5%, Томчук: 2.9%, Фетисов: 85.1%
2836;Самарский;Самара, Куйбышевская;3008;38.50;Диянчук: 3.3%, Лескин: 16.9%, Микулов: 4.3%, Селиванов: 6.2%, Степанов: 11.3%, Томчук: 17.2%, Фетисов: 37.6%
2837;Самарский;Самара, Куйбышевская;357;100.00;Диянчук: 2.0%, Лескин: 9.8%, Микулов: 2.8%, Селиванов: 3.6%, Степанов: 8.4%, Томчук: 20.7%, Фетисов: 50.1%
2839;Самарский;Самара, Куйбышевская;2174;69.04;Диянчук: 1.2%, Лескин: 8.4%, Микулов: 2.0%, Селиванов: 5.5%, Степанов: 2.9%, Томчук: 9.4%, Фетисов: 68.5%
2901;Самарский;Самара, Ленинская;2246;40.83;Диянчук: 4.1%, Лескин: 19.1%, Микулов: 4.1%, Селиванов: 5.9%, Степанов: 9.3%, Томчук: 11.7%, Фетисов: 41.9%
2902;Самарский;Самара, Ленинская;2417;33.31;Диянчук: 4.7%, Лескин: 20.4%, Микулов: 3.7%, Селиванов: 5.2%, Степанов: 11.1%, Томчук: 18.0%, Фетисов: 32.8%
2903;Самарский;Самара, Ленинская;2675;38.28;Диянчук: 4.1%, Лескин: 17.8%, Микулов: 3.2%, Селиванов: 5.5%, Степанов: 7.7%, Томчук: 16.8%, Фетисов: 41.3%
2904;Самарский;Самара, Ленинская;2419;33.86;Диянчук: 4.0%, Лескин: 22.8%, Микулов: 3.3%, Селиванов: 6.2%, Степанов: 10.5%, Томчук: 16.2%, Фетисов: 33.2%
2905;Самарский;Самара, Ленинская;1468;46.39;Диянчук: 3.5%, Лескин: 20.4%, Микулов: 1.5%, Селиванов: 6.3%, Степанов: 10.0%, Томчук: 21.3%, Фетисов: 33.0%
2906;Самарский;Самара, Ленинская;1623;38.39;Диянчук: 3.7%, Лескин: 21.8%, Микулов: 2.2%, Селиванов: 4.5%, Степанов: 11.9%, Томчук: 16.7%, Фетисов: 35.0%
2907;Самарский;Самара, Ленинская;2675;39.36;Диянчук: 4.6%, Лескин: 23.5%, Микулов: 4.2%, Селиванов: 5.1%, Степанов: 7.8%, Томчук: 16.5%, Фетисов: 35.4%
2908;Самарский;Самара, Ленинская;1977;39.91;Диянчук: 5.5%, Лескин: 22.0%, Микулов: 2.5%, Селиванов: 6.6%, Степанов: 7.8%, Томчук: 13.6%, Фетисов: 37.6%
2910;Самарский;Самара, Ленинская;2769;40.81;Диянчук: 3.0%, Лескин: 22.6%, Микулов: 3.1%, Селиванов: 6.3%, Степанов: 10.1%, Томчук: 17.2%, Фетисов: 32.2%
2911;Самарский;Самара, Ленинская;2470;35.83;Диянчук: 2.7%, Лескин: 23.4%, Микулов: 3.5%, Селиванов: 4.6%, Степанов: 10.4%, Томчук: 21.2%, Фетисов: 28.4%
2912;Самарский;Самара, Ленинская;2721;35.83;Диянчук: 3.4%, Лескин: 21.2%, Микулов: 2.6%, Селиванов: 7.1%, Степанов: 10.6%, Томчук: 16.6%, Фетисов: 33.0%
2914;Самарский;Самара, Ленинская;2831;33.49;Диянчук: 3.6%, Лескин: 24.0%, Микулов: 4.1%, Селиванов: 5.3%, Степанов: 9.9%, Томчук: 18.2%, Фетисов: 29.7%
2915;Самарский;Самара, Ленинская;2684;33.79;Диянчук: 5.1%, Лескин: 24.6%, Микулов: 3.9%, Селиванов: 7.1%, Степанов: 8.5%, Томчук: 14.0%, Фетисов: 33.5%
2916;Самарский;Самара, Ленинская;2607;43.31;Диянчук: 5.6%, Лескин: 21.4%, Микулов: 4.1%, Селиванов: 5.8%, Степанов: 10.7%, Томчук: 14.7%, Фетисов: 32.1%
2918;Самарский;Самара, Ленинская;2401;40.48;Диянчук: 3.8%, Лескин: 20.4%, Микулов: 3.3%, Селиванов: 7.0%, Степанов: 11.8%, Томчук: 15.3%, Фетисов: 31.9%
2919;Самарский;Самара, Ленинская;2514;43.32;Диянчук: 3.2%, Лескин: 25.0%, Микулов: 3.6%, Селиванов: 7.2%, Степанов: 9.3%, Томчук: 15.3%, Фетисов: 32.8%
2920;Самарский;Самара, Ленинская;2401;49.60;Диянчук: 2.6%, Лескин: 17.5%, Микулов: 3.3%, Селиванов: 5.2%, Степанов: 4.5%, Томчук: 8.9%, Фетисов: 54.2%
2921;Самарский;Самара, Ленинская;2630;40.49;Диянчук: 4.4%, Лескин: 22.2%, Микулов: 3.0%, Селиванов: 8.1%, Степанов: 7.4%, Томчук: 18.8%, Фетисов: 31.6%
2922;Самарский;Самара, Ленинская;2239;50.51;Диянчук: 4.4%, Лескин: 20.1%, Микулов: 4.1%, Селиванов: 4.1%, Степанов: 9.0%, Томчук: 13.4%, Фетисов: 40.7%
2923;Самарский;Самара, Ленинская;2581;40.26;Диянчук: 3.1%, Лескин: 17.7%, Микулов: 3.3%, Селиванов: 6.2%, Степанов: 9.5%, Томчук: 15.3%, Фетисов: 41.8%
2924;Самарский;Самара, Ленинская;2608;40.11;Диянчук: 4.8%, Лескин: 24.8%, Микулов: 3.5%, Селиванов: 5.5%, Степанов: 9.4%, Томчук: 16.0%, Фетисов: 29.8%
3001;Самарский;Самара, Октябрьская;2470;40.36;Диянчук: 2.6%, Лескин: 12.4%, Микулов: 1.8%, Селиванов: 3.6%, Степанов: 7.8%, Томчук: 11.8%, Фетисов: 58.3%
3002;Самарский;Самара, Октябрьская;2154;50.37;Диянчук: 2.3%, Лескин: 29.1%, Микулов: 2.3%, Селиванов: 1.6%, Степанов: 1.2%, Томчук: 4.6%, Фетисов: 56.7%
3003;Самарский;Самара, Октябрьская;1522;40.74;Диянчук: 3.7%, Лескин: 22.9%, Микулов: 4.7%, Селиванов: 5.5%, Степанов: 7.8%, Томчук: 16.2%, Фетисов: 33.9%
3004;Самарский;Самара, Октябрьская;1619;44.66;Диянчук: 4.7%, Лескин: 25.4%, Микулов: 4.2%, Селиванов: 6.8%, Степанов: 7.8%, Томчук: 13.4%, Фетисов: 33.9%
3005;Самарский;Самара, Октябрьская;761;44.94;Диянчук: 3.2%, Лескин: 29.8%, Микулов: 2.6%, Селиванов: 3.8%, Степанов: 8.5%, Томчук: 14.0%, Фетисов: 33.9%
3006;Самарский;Самара, Октябрьская;1515;47.79;Диянчук: 3.2%, Лескин: 26.2%, Микулов: 3.0%, Селиванов: 5.0%, Степанов: 5.5%, Томчук: 10.2%, Фетисов: 42.4%
3007;Самарский;Самара, Октябрьская;2414;40.47;Диянчук: 3.4%, Лескин: 22.4%, Микулов: 3.5%, Селиванов: 4.6%, Степанов: 6.0%, Томчук: 14.1%, Фетисов: 41.1%
3008;Самарский;Самара, Октябрьская;1908;43.34;Диянчук: 8.2%, Лескин: 13.9%, Микулов: 2.1%, Селиванов: 3.0%, Степанов: 3.9%, Томчук: 7.3%, Фетисов: 60.0%
3009;Самарский;Самара, Октябрьская;1993;43.95;Диянчук: 4.3%, Лескин: 31.1%, Микулов: 2.9%, Селиванов: 5.0%, Степанов: 7.9%, Томчук: 14.8%, Фетисов: 28.1%
3010;Самарский;Самара, Октябрьская;1701;46.68;Диянчук: 5.2%, Лескин: 29.2%, Микулов: 2.8%, Селиванов: 6.5%, Степанов: 8.1%, Томчук: 14.4%, Фетисов: 28.2%
3011;Самарский;Самара, Октябрьская;1520;43.29;Диянчук: 1.1%, Лескин: 12.5%, Микулов: 1.7%, Селиванов: 3.8%, Степанов: 2.3%, Томчук: 7.3%, Фетисов: 70.2%
3012;Самарский;Самара, Октябрьская;1720;47.56;Диянчук: 3.9%, Лескин: 28.6%, Микулов: 2.5%, Селиванов: 4.5%, Степанов: 6.5%, Томчук: 14.7%, Фетисов: 32.8%
3013;Самарский;Самара, Октябрьская;1786;61.70;Диянчук: 3.5%, Лескин: 14.4%, Микулов: 2.5%, Селиванов: 2.3%, Степанов: 4.3%, Томчук: 7.2%, Фетисов: 64.1%
3014;Самарский;Самара, Октябрьская;2764;30.93;Диянчук: 4.7%, Лескин: 22.9%, Микулов: 4.1%, Селиванов: 5.0%, Степанов: 9.8%, Томчук: 19.6%, Фетисов: 29.7%
3015;Самарский;Самара, Октябрьская;2355;42.46;Диянчук: 2.1%, Лескин: 16.0%, Микулов: 1.9%, Селиванов: 3.9%, Степанов: 5.3%, Томчук: 12.9%, Фетисов: 49.9%
3016;Самарский;Самара, Октябрьская;1163;57.35;Диянчук: 1.1%, Лескин: 7.8%, Микулов: 0.8%, Селиванов: 1.5%, Степанов: 3.5%, Томчук: 6.3%, Фетисов: 78.0%
3017;Самарский;Самара, Октябрьская;2654;40.92;Диянчук: 4.9%, Лескин: 25.4%, Микулов: 4.2%, Селиванов: 6.0%, Степанов: 10.3%, Томчук: 16.1%, Фетисов: 27.8%
3018;Самарский;Самара, Октябрьская;1707;40.77;Диянчук: 2.0%, Лескин: 12.4%, Микулов: 2.2%, Селиванов: 2.3%, Степанов: 6.6%, Томчук: 1.7%, Фетисов: 72.1%
3019;Самарский;Самара, Октябрьская;2426;41.51;Диянчук: 3.9%, Лескин: 24.7%, Микулов: 2.9%, Селиванов: 6.5%, Степанов: 9.7%, Томчук: 14.7%, Фетисов: 32.1%
3020;Самарский;Самара, Октябрьская;2356;40.92;Диянчук: 3.3%, Лескин: 24.3%, Микулов: 2.5%, Селиванов: 6.5%, Степанов: 10.9%, Томчук: 17.2%, Фетисов: 30.7%
3021;Самарский;Самара, Октябрьская;1207;36.21;Диянчук: 4.9%, Лескин: 22.5%, Микулов: 1.6%, Селиванов: 1.9%, Степанов: 8.2%, Томчук: 9.4%, Фетисов: 48.1%
3022;Самарский;Самара, Октябрьская;1654;55.20;Диянчук: 4.0%, Лескин: 18.9%, Микулов: 7.4%, Селиванов: 2.3%, Степанов: 2.1%, Томчук: 5.1%, Фетисов: 59.4%
3023;Самарский;Самара, Октябрьская;1648;65.53;Диянчук: 3.1%, Лескин: 3.8%, Микулов: 3.2%, Селиванов: 2.7%, Степанов: 4.4%, Томчук: 2.8%, Фетисов: 79.8%
3024;Самарский;Самара, Октябрьская;2586;39.79;Диянчук: 4.8%, Лескин: 20.9%, Микулов: 3.5%, Селиванов: 6.0%, Степанов: 9.6%, Томчук: 16.3%, Фетисов: 33.8%
3025;Самарский;Самара, Октябрьская;2155;43.39;Диянчук: 1.6%, Лескин: 12.9%, Микулов: 2.1%, Селиванов: 2.9%, Степанов: 5.1%, Томчук: 6.7%, Фетисов: 64.8%
3026;Самарский;Самара, Октябрьская;1937;34.74;Диянчук: 0.3%, Лескин: 30.0%, Микулов: 0.0%, Селиванов: 1.8%, Степанов: 3.7%, Томчук: 11.1%, Фетисов: 49.0%
3027;Самарский;Самара, Октябрьская;2314;36.60;Диянчук: 3.8%, Лескин: 25.3%, Микулов: 3.1%, Селиванов: 5.7%, Степанов: 10.9%, Томчук: 18.1%, Фетисов: 29.9%
3028;Самарский;Самара, Октябрьская;2650;40.38;Диянчук: 1.7%, Лескин: 14.9%, Микулов: 1.6%, Селиванов: 3.3%, Степанов: 6.7%, Томчук: 10.5%, Фетисов: 59.0%
3029;Самарский;Самара, Октябрьская;2223;32.79;Диянчук: 4.5%, Лескин: 19.2%, Микулов: 5.1%, Селиванов: 8.0%, Степанов: 9.3%, Томчук: 17.0%, Фетисов: 30.8%
3030;Самарский;Самара, Октябрьская;2245;36.30;Диянчук: 3.7%, Лескин: 23.9%, Микулов: 4.0%, Селиванов: 5.6%, Степанов: 10.9%, Томчук: 16.6%, Фетисов: 29.3%
3031;Самарский;Самара, Октябрьская;1898;45.57;Диянчук: 3.2%, Лескин: 12.1%, Микулов: 3.0%, Селиванов: 3.2%, Степанов: 6.6%, Томчук: 14.9%, Фетисов: 51.5%
3032;Самарский;Самара, Октябрьская;3064;35.05;Диянчук: 4.3%, Лескин: 19.0%, Микулов: 4.0%, Селиванов: 5.2%, Степанов: 12.8%, Томчук: 20.8%, Фетисов: 29.7%
3033;Самарский;Самара, Октябрьская;2037;36.48;Диянчук: 4.3%, Лескин: 22.1%, Микулов: 4.7%, Селиванов: 4.6%, Степанов: 9.3%, Томчук: 17.2%, Фетисов: 33.1%
3034;Самарский;Самара, Октябрьская;1611;37.80;Диянчук: 1.1%, Лескин: 13.3%, Микулов: 1.6%, Селиванов: 3.6%, Степанов: 4.1%, Томчук: 9.5%, Фетисов: 64.9%
3035;Самарский;Самара, Октябрьская;1897;54.82;Диянчук: 2.4%, Лескин: 13.3%, Микулов: 2.6%, Селиванов: 5.3%, Степанов: 11.1%, Томчук: 13.2%, Фетисов: 48.0%
3036;Самарский;Самара, Октябрьская;2219;36.01;Диянчук: 3.6%, Лескин: 18.3%, Микулов: 3.1%, Селиванов: 4.9%, Степанов: 8.6%, Томчук: 13.5%, Фетисов: 46.2%
3037;Самарский;Самара, Октябрьская;2151;61.83;Диянчук: 0.5%, Лескин: 15.1%, Микулов: 1.7%, Селиванов: 3.0%, Степанов: 5.3%, Томчук: 5.3%, Фетисов: 69.0%
3038;Самарский;Самара, Октябрьская;2767;65.63;Диянчук: 2.5%, Лескин: 5.2%, Микулов: 1.0%, Селиванов: 0.7%, Степанов: 4.3%, Томчук: 1.3%, Фетисов: 85.0%
3039;Самарский;Самара, Октябрьская;3206;48.57;Диянчук: 2.5%, Лескин: 14.2%, Микулов: 1.8%, Селиванов: 4.3%, Степанов: 8.1%, Томчук: 16.5%, Фетисов: 49.7%
3040;Самарский;Самара, Октябрьская;2740;32.74;Диянчук: 3.1%, Лескин: 20.7%, Микулов: 3.9%, Селиванов: 6.3%, Степанов: 10.8%, Томчук: 17.4%, Фетисов: 32.3%
3041;Самарский;Самара, Октябрьская;1716;42.25;Диянчук: 4.0%, Лескин: 17.8%, Микулов: 3.2%, Селиванов: 5.5%, Степанов: 7.0%, Томчук: 15.4%, Фетисов: 44.3%
3042;Самарский;Самара, Октябрьская;1972;54.92;Диянчук: 3.3%, Лескин: 14.2%, Микулов: 3.1%, Селиванов: 4.2%, Степанов: 8.8%, Томчук: 10.6%, Фетисов: 52.2%
3043;Самарский;Самара, Октябрьская;2215;49.12;Диянчук: 2.6%, Лескин: 17.4%, Микулов: 3.5%, Селиванов: 3.9%, Степанов: 8.6%, Томчук: 13.7%, Фетисов: 45.0%
3044;Самарский;Самара, Октябрьская;2814;40.83;Диянчук: 4.3%, Лескин: 21.1%, Микулов: 2.8%, Селиванов: 6.2%, Степанов: 9.5%, Томчук: 17.1%, Фетисов: 35.7%
3045;Самарский;Самара, Октябрьская;2240;34.60;Диянчук: 3.4%, Лескин: 25.8%, Микулов: 4.9%, Селиванов: 4.9%, Степанов: 11.6%, Томчук: 19.1%, Фетисов: 26.8%
3046;Самарский;Самара, Октябрьская;3169;39.07;Диянчук: 4.0%, Лескин: 18.6%, Микулов: 4.4%, Селиванов: 5.7%, Степанов: 12.8%, Томчук: 18.1%, Фетисов: 33.8%
3047;Самарский;Самара, Октябрьская;2720;47.06;Диянчук: 3.0%, Лескин: 17.5%, Микулов: 2.4%, Селиванов: 3.1%, Степанов: 8.1%, Томчук: 15.9%, Фетисов: 47.5%
3048;Самарский;Самара, Октябрьская;2712;45.50;Диянчук: 2.8%, Лескин: 16.6%, Микулов: 2.5%, Селиванов: 4.0%, Степанов: 9.0%, Томчук: 17.0%, Фетисов: 45.7%
3049;Самарский;Самара, Октябрьская;1273;37.08;Диянчук: 4.5%, Лескин: 20.1%, Микулов: 5.3%, Селиванов: 7.4%, Степанов: 11.2%, Томчук: 18.9%, Фетисов: 28.6%
3050;Самарский;Самара, Октябрьская;1304;44.25;Диянчук: 3.3%, Лескин: 22.4%, Микулов: 2.6%, Селиванов: 5.7%, Степанов: 8.3%, Томчук: 18.9%, Фетисов: 33.1%
3051;Самарский;Самара, Октябрьская;1689;62.17;Диянчук: 1.3%, Лескин: 8.5%, Микулов: 1.5%, Селиванов: 2.1%, Степанов: 5.3%, Томчук: 7.7%, Фетисов: 70.7%
3052;Самарский;Самара, Октябрьская;2669;38.29;Диянчук: 4.2%, Лескин: 18.2%, Микулов: 4.0%, Селиванов: 5.1%, Степанов: 11.3%, Томчук: 23.8%, Фетисов: 29.4%
3053;Самарский;Самара, Октябрьская;164;40.24;Диянчук: 4.5%, Лескин: 10.6%, Микулов: 4.5%, Селиванов: 6.1%, Степанов: 15.2%, Томчук: 10.6%, Фетисов: 48.5%
3054;Самарский;Самара, Октябрьская;129;100.00;Диянчук: 3.1%, Лескин: 13.2%, Микулов: 3.9%, Селиванов: 1.6%, Степанов: 5.4%, Томчук: 3.1%, Фетисов: 66.7%
3201;Самарский;Самара, Самарская;1592;36.75;Диянчук: 7.7%, Лескин: 15.4%, Микулов: 0.5%, Селиванов: 0.5%, Степанов: 10.3%, Томчук: 10.1%, Фетисов: 55.6%
3202;Самарский;Самара, Самарская;1527;62.87;Диянчук: 2.9%, Лескин: 8.8%, Микулов: 2.1%, Селиванов: 3.1%, Степанов: 6.0%, Томчук: 7.4%, Фетисов: 68.0%
3203;Самарский;Самара, Самарская;1805;65.15;Диянчук: 3.2%, Лескин: 11.0%, Микулов: 2.0%, Селиванов: 3.8%, Степанов: 5.5%, Томчук: 5.0%, Фетисов: 69.5%
3204;Самарский;Самара, Самарская;1620;38.46;Диянчук: 4.3%, Лескин: 18.5%, Микулов: 5.6%, Селиванов: 6.8%, Степанов: 9.7%, Томчук: 15.3%, Фетисов: 35.0%
3205;Самарский;Самара, Самарская;1813;41.20;Диянчук: 5.0%, Лескин: 20.2%, Микулов: 3.5%, Селиванов: 4.3%, Степанов: 9.4%, Томчук: 14.1%, Фетисов: 38.8%
3206;Самарский;Самара, Самарская;1684;38.48;Диянчук: 3.2%, Лескин: 21.9%, Микулов: 4.8%, Селиванов: 4.3%, Степанов: 8.6%, Томчук: 19.3%, Фетисов: 32.2%
3207;Самарский;Самара, Самарская;1344;60.86;Диянчук: 3.9%, Лескин: 10.9%, Микулов: 1.3%, Селиванов: 4.8%, Степанов: 6.2%, Томчук: 10.4%, Фетисов: 58.6%
3208;Самарский;Самара, Самарская;1751;35.35;Диянчук: 3.5%, Лескин: 19.7%, Микулов: 3.4%, Селиванов: 6.8%, Степанов: 9.2%, Томчук: 16.6%, Фетисов: 32.3%
3209;Самарский;Самара, Самарская;2165;38.85;Диянчук: 3.8%, Лескин: 20.1%, Микулов: 2.5%, Селиванов: 4.8%, Степанов: 10.1%, Томчук: 6.1%, Фетисов: 49.2%
3210;Самарский;Самара, Самарская;1459;47.57;Диянчук: 2.9%, Лескин: 10.7%, Микулов: 1.4%, Селиванов: 2.6%, Степанов: 3.5%, Томчук: 7.5%, Фетисов: 68.4%
3211;Самарский;Самара, Самарская;1449;68.05;Диянчук: 2.2%, Лескин: 7.6%, Микулов: 2.7%, Селиванов: 3.4%, Степанов: 2.9%, Томчук: 5.0%, Фетисов: 66.8%
3212;Самарский;Самара, Самарская;1583;33.04;Диянчук: 5.2%, Лескин: 18.4%, Микулов: 2.3%, Селиванов: 5.5%, Степанов: 11.5%, Томчук: 18.9%, Фетисов: 34.8%
3213;Самарский;Самара, Самарская;1519;40.95;Диянчук: 3.2%, Лескин: 23.1%, Микулов: 2.4%, Селиванов: 5.8%, Степанов: 8.2%, Томчук: 19.3%, Фетисов: 31.4%
3507;Тольяттинский;Ставропольская-160;1310;85.50;Барсук: 0.1%, Ершов: 0.1%, Калашников: 99.0%, Маряхин: 0.1%, Мотрюков: 0.3%, Найденов: 0.1%, Перфилова: 0.1%, Сакеев: 0.3%
3508;Тольяттинский;Ставропольская-160;373;85.25;Барсук: 0.9%, Ершов: 1.6%, Калашников: 94.3%, Маряхин: 0.3%, Мотрюков: 0.3%, Найденов: 0.6%, Перфилова: 0.3%, Сакеев: 1.6%
3509;Тольяттинский;Ставропольская-160;1571;80.20;Барсук: 0.2%, Ершов: 0.3%, Калашников: 95.2%, Маряхин: 0.4%, Мотрюков: 0.2%, Найденов: 0.0%, Перфилова: 0.5%, Сакеев: 0.2%
3514;Тольяттинский;Ставропольская-160;1135;78.85;Барсук: 0.0%, Ершов: 0.0%, Калашников: 96.9%, Маряхин: 0.0%, Мотрюков: 0.2%, Найденов: 0.7%, Перфилова: 0.1%, Сакеев: 1.0%
3515;Тольяттинский;Ставропольская-160;592;78.89;Барсук: 1.3%, Ершов: 1.7%, Калашников: 13.3%, Маряхин: 3.4%, Мотрюков: 2.1%, Найденов: 19.5%, Перфилова: 0.9%, Сакеев: 55.9%
3516;Тольяттинский;Ставропольская-160;1798;87.10;Барсук: 0.0%, Ершов: 0.0%, Калашников: 97.0%, Маряхин: 0.6%, Мотрюков: 0.3%, Найденов: 0.4%, Перфилова: 0.0%, Сакеев: 1.6%
3517;Тольяттинский;Ставропольская-160;595;83.03;Барсук: 0.0%, Ершов: 0.2%, Калашников: 97.0%, Маряхин: 1.0%, Мотрюков: 0.2%, Найденов: 0.2%, Перфилова: 0.0%, Сакеев: 0.4%
3518;Тольяттинский;Ставропольская-160;401;83.04;Барсук: 0.3%, Ершов: 0.3%, Калашников: 97.9%, Маряхин: 0.3%, Мотрюков: 0.3%, Найденов: 0.3%, Перфилова: 0.3%, Сакеев: 0.3%
3519;Тольяттинский;Ставропольская-160;1304;84.66;Барсук: 0.1%, Ершов: 0.1%, Калашников: 94.9%, Маряхин: 0.2%, Мотрюков: 0.2%, Найденов: 0.1%, Перфилова: 0.2%, Сакеев: 0.3%
3520;Тольяттинский;Ставропольская-160;1279;73.34;Барсук: 0.3%, Ершов: 0.2%, Калашников: 97.9%, Маряхин: 0.2%, Мотрюков: 0.2%, Найденов: 0.2%, Перфилова: 0.3%, Сакеев: 0.4%
3522;Тольяттинский;Ставропольская-160;2675;81.27;Барсук: 0.1%, Ершов: 0.1%, Калашников: 99.0%, Маряхин: 0.1%, Мотрюков: 0.1%, Найденов: 0.1%, Перфилова: 0.1%, Сакеев: 0.5%
3523;Тольяттинский;Ставропольская-160;2667;73.12;Барсук: 0.1%, Ершов: 0.1%, Калашников: 98.0%, Маряхин: 0.2%, Мотрюков: 0.1%, Найденов: 0.1%, Перфилова: 0.1%, Сакеев: 0.3%
3524;Тольяттинский;Ставропольская-160;2630;82.70;Барсук: 0.2%, Ершов: 0.2%, Калашников: 97.1%, Маряхин: 0.4%, Мотрюков: 0.1%, Найденов: 0.3%, Перфилова: 0.2%, Сакеев: 0.6%
3525;Тольяттинский;Ставропольская-160;2449;77.05;Барсук: 0.2%, Ершов: 0.1%, Калашников: 98.3%, Маряхин: 0.4%, Мотрюков: 0.1%, Найденов: 0.1%, Перфилова: 0.1%, Сакеев: 0.1%
3526;Тольяттинский;Ставропольская-160;2172;82.04;Барсук: 0.3%, Ершов: 0.6%, Калашников: 95.7%, Маряхин: 0.7%, Мотрюков: 0.2%, Найденов: 0.8%, Перфилова: 0.1%, Сакеев: 1.0%
3527;Тольяттинский;Ставропольская-160;1733;75.19;Барсук: 1.1%, Ершов: 1.1%, Калашников: 95.9%, Маряхин: 0.8%, Мотрюков: 0.7%, Найденов: 0.0%, Перфилова: 0.1%, Сакеев: 0.0%
3528;Тольяттинский;Ставропольская-160;1740;72.36;Барсук: 0.6%, Ершов: 0.2%, Калашников: 96.3%, Маряхин: 1.2%, Мотрюков: 0.4%, Найденов: 0.1%, Перфилова: 0.5%, Сакеев: 0.8%
3529;Тольяттинский;Ставропольская-160;1640;72.20;Барсук: 0.2%, Ершов: 0.7%, Калашников: 95.8%, Маряхин: 0.4%, Мотрюков: 0.1%, Найденов: 0.2%, Перфилова: 0.2%, Сакеев: 0.2%
3533;Тольяттинский;Ставропольская-160;1675;84.84;Барсук: 0.0%, Ершов: 0.9%, Калашников: 98.0%, Маряхин: 0.2%, Мотрюков: 0.3%, Найденов: 0.0%, Перфилова: 0.0%, Сакеев: 0.5%
3536;Тольяттинский;Ставропольская-160;343;82.22;Барсук: 0.0%, Ершов: 0.0%, Калашников: 97.9%, Маряхин: 0.3%, Мотрюков: 0.0%, Найденов: 0.0%, Перфилова: 0.0%, Сакеев: 1.8%
3537;Тольяттинский;Ставропольская-160;2909;81.75;Барсук: 0.1%, Ершов: 0.1%, Калашников: 95.6%, Маряхин: 0.1%, Мотрюков: 0.1%, Найденов: 0.1%, Перфилова: 0.1%, Сакеев: 0.3%
3543;Тольяттинский;Ставропольская-160;2673;81.18;Барсук: 0.1%, Ершов: 0.2%, Калашников: 98.8%, Маряхин: 0.3%, Мотрюков: 0.2%, Найденов: 0.2%, Перфилова: 0.1%, Сакеев: 0.1%
3545;Тольяттинский;Ставропольская-160;2633;80.10;Барсук: 0.1%, Ершов: 0.1%, Калашников: 99.0%, Маряхин: 0.1%, Мотрюков: 0.1%, Найденов: 0.1%, Перфилова: 0.1%, Сакеев: 0.4%
3546;Тольяттинский;Ставропольская-160;1518;78.79;Барсук: 0.0%, Ершов: 0.0%, Калашников: 99.0%, Маряхин: 0.2%, Мотрюков: 0.0%, Найденов: 0.0%, Перфилова: 0.0%, Сакеев: 0.8%
6001;Тольяттинский;Тольятти, Автозаводская;2293;37.99;Барсук: 1.6%, Ершов: 3.5%, Калашников: 27.9%, Маряхин: 16.1%, Мотрюков: 15.7%, Найденов: 10.1%, Перфилова: 2.2%, Сакеев: 16.7%
6002;Тольяттинский;Тольятти, Автозаводская;2529;41.60;Барсук: 1.9%, Ершов: 4.3%, Калашников: 28.7%, Маряхин: 13.2%, Мотрюков: 16.4%, Найденов: 8.4%, Перфилова: 2.9%, Сакеев: 18.4%
6003;Тольяттинский;Тольятти, Автозаводская;2031;41.61;Барсук: 1.2%, Ершов: 4.4%, Калашников: 21.7%, Маряхин: 12.3%, Мотрюков: 21.2%, Найденов: 8.5%, Перфилова: 4.4%, Сакеев: 20.4%
6004;Тольяттинский;Тольятти, Автозаводская;1866;43.19;Барсук: 2.1%, Ершов: 3.6%, Калашников: 25.9%, Маряхин: 16.9%, Мотрюков: 13.9%, Найденов: 9.9%, Перфилова: 2.6%, Сакеев: 17.6%
6005;Тольяттинский;Тольятти, Автозаводская;2126;42.19;Барсук: 0.7%, Ершов: 3.7%, Калашников: 25.9%, Маряхин: 17.6%, Мотрюков: 14.4%, Найденов: 8.4%, Перфилова: 2.9%, Сакеев: 20.9%
6006;Тольяттинский;Тольятти, Автозаводская;2337;40.56;Барсук: 0.9%, Ершов: 3.7%, Калашников: 26.9%, Маряхин: 15.3%, Мотрюков: 16.0%, Найденов: 8.1%, Перфилова: 2.5%, Сакеев: 20.9%
6007;Тольяттинский;Тольятти, Автозаводская;2119;39.92;Барсук: 2.5%, Ершов: 4.4%, Калашников: 26.2%, Маряхин: 17.6%, Мотрюков: 13.7%, Найденов: 9.3%, Перфилова: 2.6%, Сакеев: 18.9%
6008;Тольяттинский;Тольятти, Автозаводская;3026;39.36;Барсук: 1.6%, Ершов: 4.4%, Калашников: 26.8%, Маряхин: 12.6%, Мотрюков: 13.6%, Найденов: 10.2%, Перфилова: 3.2%, Сакеев: 18.2%
6009;Тольяттинский;Тольятти, Автозаводская;2999;41.58;Барсук: 1.9%, Ершов: 5.1%, Калашников: 28.9%, Маряхин: 12.4%, Мотрюков: 13.9%, Найденов: 8.7%, Перфилова: 3.7%, Сакеев: 20.6%
6011;Тольяттинский;Тольятти, Автозаводская;2485;39.15;Барсук: 1.4%, Ершов: 4.7%, Калашников: 30.5%, Маряхин: 14.3%, Мотрюков: 14.5%, Найденов: 7.5%, Перфилова: 3.5%, Сакеев: 18.1%
6012;Тольяттинский;Тольятти, Автозаводская;586;42.32;Барсук: 0.8%, Ершов: 4.0%, Калашников: 22.2%, Маряхин: 10.5%, Мотрюков: 21.8%, Найденов: 10.1%, Перфилова: 2.4%, Сакеев: 24.2%
6013;Тольяттинский;Тольятти, Автозаводская;2407;38.35;Барсук: 1.8%, Ершов: 3.0%, Калашников: 32.0%, Маряхин: 12.0%, Мотрюков: 13.0%, Найденов: 9.6%, Перфилова: 3.8%, Сакеев: 19.5%
6014;Тольяттинский;Тольятти, Автозаводская;2663;35.49;Барсук: 1.8%, Ершов: 4.5%, Калашников: 30.9%, Маряхин: 14.6%, Мотрюков: 12.3%, Найденов: 8.5%, Перфилова: 3.3%, Сакеев: 19.1%
6015;Тольяттинский;Тольятти, Автозаводская;2137;41.79;Барсук: 1.0%, Ершов: 3.7%, Калашников: 30.7%, Маряхин: 15.1%, Мотрюков: 13.1%, Найденов: 8.7%, Перфилова: 2.1%, Сакеев: 19.7%
6016;Тольяттинский;Тольятти, Автозаводская;2602;39.39;Барсук: 1.5%, Ершов: 4.2%, Калашников: 29.7%, Маряхин: 12.9%, Мотрюков: 15.5%, Найденов: 8.1%, Перфилова: 3.3%, Сакеев: 18.7%
6017;Тольяттинский;Тольятти, Автозаводская;2446;39.45;Барсук: 1.0%, Ершов: 3.6%, Калашников: 25.3%, Маряхин: 18.6%, Мотрюков: 13.4%, Найденов: 10.2%, Перфилова: 2.2%, Сакеев: 20.2%
6018;Тольяттинский;Тольятти, Автозаводская;2334;37.32;Барсук: 1.4%, Ершов: 4.7%, Калашников: 25.5%, Маряхин: 12.7%, Мотрюков: 16.3%, Найденов: 9.5%, Перфилова: 3.1%, Сакеев: 21.6%
6019;Тольяттинский;Тольятти, Автозаводская;2148;39.62;Барсук: 1.3%, Ершов: 3.4%, Калашников: 28.6%, Маряхин: 16.2%, Мотрюков: 15.3%, Найденов: 9.1%, Перфилова: 2.2%, Сакеев: 19.0%
6021;Тольяттинский;Тольятти, Автозаводская;2893;40.24;Барсук: 1.6%, Ершов: 2.7%, Калашников: 30.1%, Маряхин: 16.3%, Мотрюков: 13.3%, Найденов: 8.7%, Перфилова: 2.6%, Сакеев: 19.6%
6022;Тольяттинский;Тольятти, Автозаводская;2240;37.77;Барсук: 2.2%, Ершов: 4.5%, Калашников: 30.9%, Маряхин: 15.4%, Мотрюков: 10.8%, Найденов: 10.1%, Перфилова: 2.1%, Сакеев: 18.4%
6023;Тольяттинский;Тольятти, Автозаводская;2886;37.91;Барсук: 1.8%, Ершов: 3.6%, Калашников: 32.7%, Маряхин: 13.7%, Мотрюков: 12.4%, Найденов: 7.7%, Перфилова: 2.9%, Сакеев: 20.5%
6024;Тольяттинский;Тольятти, Автозаводская;2656;35.28;Барсук: 2.4%, Ершов: 3.6%, Калашников: 22.6%, Маряхин: 10.2%, Мотрюков: 22.9%, Найденов: 9.0%, Перфилова: 3.1%, Сакеев: 21.9%
6026;Тольяттинский;Тольятти, Автозаводская;3033;44.05;Барсук: 1.1%, Ершов: 3.3%, Калашников: 28.8%, Маряхин: 7.1%, Мотрюков: 16.2%, Найденов: 8.3%, Перфилова: 3.9%, Сакеев: 26.5%
6027;Тольяттинский;Тольятти, Автозаводская;3707;37.50;Барсук: 0.7%, Ершов: 2.5%, Калашников: 19.5%, Маряхин: 4.4%, Мотрюков: 12.1%, Найденов: 6.3%, Перфилова: 3.5%, Сакеев: 47.8%
6028;Тольяттинский;Тольятти, Автозаводская;1568;35.27;Барсук: 1.3%, Ершов: 4.0%, Калашников: 25.9%, Маряхин: 17.0%, Мотрюков: 13.2%, Найденов: 8.5%, Перфилова: 2.5%, Сакеев: 20.1%
6029;Тольяттинский;Тольятти, Автозаводская;1894;37.01;Барсук: 1.3%, Ершов: 3.7%, Калашников: 28.0%, Маряхин: 11.3%, Мотрюков: 17.0%, Найденов: 8.4%, Перфилова: 3.9%, Сакеев: 19.7%
6030;Тольяттинский;Тольятти, Автозаводская;2704;30.92;Барсук: 1.8%, Ершов: 4.1%, Калашников: 25.4%, Маряхин: 15.2%, Мотрюков: 14.5%, Найденов: 8.6%, Перфилова: 3.2%, Сакеев: 20.9%
6031;Тольяттинский;Тольятти, Автозаводская;2589;44.42;Барсук: 2.4%, Ершов: 3.0%, Калашников: 26.0%, Маряхин: 18.4%, Мотрюков: 13.0%, Найденов: 7.3%, Перфилова: 4.1%, Сакеев: 19.6%
6032;Тольяттинский;Тольятти, Автозаводская;2529;32.74;Барсук: 1.4%, Ершов: 4.0%, Калашников: 25.9%, Маряхин: 17.8%, Мотрюков: 13.5%, Найденов: 10.4%, Перфилова: 2.9%, Сакеев: 17.0%
6033;Тольяттинский;Тольятти, Автозаводская;2555;42.78;Барсук: 0.8%, Ершов: 4.9%, Калашников: 27.1%, Маряхин: 18.1%, Мотрюков: 13.4%, Найденов: 7.9%, Перфилова: 3.8%, Сакеев: 18.7%
6034;Тольяттинский;Тольятти, Автозаводская;2182;38.68;Барсук: 0.4%, Ершов: 4.4%, Калашников: 20.3%, Маряхин: 16.5%, Мотрюков: 9.8%, Найденов: 6.5%, Перфилова: 2.0%, Сакеев: 37.0%
6035;Тольяттинский;Тольятти, Автозаводская;2264;42.36;Барсук: 1.1%, Ершов: 3.1%, Калашников: 26.4%, Маряхин: 19.1%, Мотрюков: 11.1%, Найденов: 7.9%, Перфилова: 4.2%, Сакеев: 21.9%
6036;Тольяттинский;Тольятти, Автозаводская;2226;37.24;Барсук: 1.8%, Ершов: 3.5%, Калашников: 28.0%, Маряхин: 20.3%, Мотрюков: 13.0%, Найденов: 7.6%, Перфилова: 2.8%, Сакеев: 16.9%
6037;Тольяттинский;Тольятти, Автозаводская;1915;37.65;Барсук: 1.8%, Ершов: 2.5%, Калашников: 22.3%, Маряхин: 24.2%, Мотрюков: 14.3%, Найденов: 8.2%, Перфилова: 1.5%, Сакеев: 20.5%
6039;Тольяттинский;Тольятти, Автозаводская;2755;41.78;Барсук: 2.5%, Ершов: 4.0%, Калашников: 30.2%, Маряхин: 11.4%, Мотрюков: 13.3%, Найденов: 7.9%, Перфилова: 2.4%, Сакеев: 22.1%
6040;Тольяттинский;Тольятти, Автозаводская;2744;42.02;Барсук: 1.0%, Ершов: 5.4%, Калашников: 32.6%, Маряхин: 8.8%, Мотрюков: 14.7%, Найденов: 7.2%, Перфилова: 3.2%, Сакеев: 21.5%
6041;Тольяттинский;Тольятти, Автозаводская;1781;41.55;Барсук: 2.3%, Ершов: 1.5%, Калашников: 19.5%, Маряхин: 6.5%, Мотрюков: 8.1%, Найденов: 5.1%, Перфилова: 3.4%, Сакеев: 50.2%
6043;Тольяттинский;Тольятти, Автозаводская;3488;38.73;Барсук: 1.9%, Ершов: 4.3%, Калашников: 31.2%, Маряхин: 9.0%, Мотрюков: 13.3%, Найденов: 9.3%, Перфилова: 3.2%, Сакеев: 21.4%
6044;Тольяттинский;Тольятти, Автозаводская;1685;40.00;Барсук: 2.1%, Ершов: 6.1%, Калашников: 28.2%, Маряхин: 8.5%, Мотрюков: 13.2%, Найденов: 7.6%, Перфилова: 4.3%, Сакеев: 22.4%
6045;Тольяттинский;Тольятти, Автозаводская;1916;40.66;Барсук: 1.4%, Ершов: 3.9%, Калашников: 30.2%, Маряхин: 8.2%, Мотрюков: 14.9%, Найденов: 8.0%, Перфилова: 3.1%, Сакеев: 24.4%
6046;Тольяттинский;Тольятти, Автозаводская;3439;36.84;Барсук: 1.3%, Ершов: 4.1%, Калашников: 27.9%, Маряхин: 13.6%, Мотрюков: 15.2%, Найденов: 8.2%, Перфилова: 3.4%, Сакеев: 20.9%
6048;Тольяттинский;Тольятти, Автозаводская;3518;37.78;Барсук: 1.3%, Ершов: 5.5%, Калашников: 28.7%, Маряхин: 11.7%, Мотрюков: 13.7%, Найденов: 10.1%, Перфилова: 3.6%, Сакеев: 20.4%
6049;Тольяттинский;Тольятти, Автозаводская;1990;43.17;Барсук: 1.3%, Ершов: 4.3%, Калашников: 24.3%, Маряхин: 10.0%, Мотрюков: 9.1%, Найденов: 9.8%, Перфилова: 3.0%, Сакеев: 33.0%
6050;Тольяттинский;Тольятти, Автозаводская;2333;38.45;Барсук: 1.9%, Ершов: 4.7%, Калашников: 32.2%, Маряхин: 8.5%, Мотрюков: 12.6%, Найденов: 8.8%, Перфилова: 3.1%, Сакеев: 20.0%
6051;Тольяттинский;Тольятти, Автозаводская;2725;38.13;Барсук: 2.0%, Ершов: 3.6%, Калашников: 33.2%, Маряхин: 9.2%, Мотрюков: 13.5%, Найденов: 10.1%, Перфилова: 2.6%, Сакеев: 19.5%
6053;Тольяттинский;Тольятти, Автозаводская;2794;36.86;Барсук: 1.9%, Ершов: 4.6%, Калашников: 23.6%, Маряхин: 8.5%, Мотрюков: 13.4%, Найденов: 10.3%, Перфилова: 3.1%, Сакеев: 28.1%
6054;Тольяттинский;Тольятти, Автозаводская;2604;41.36;Барсук: 1.8%, Ершов: 3.0%, Калашников: 30.7%, Маряхин: 7.3%, Мотрюков: 14.9%, Найденов: 10.3%, Перфилова: 3.6%, Сакеев: 24.8%
6055;Тольяттинский;Тольятти, Автозаводская;2512;38.89;Барсук: 1.2%, Ершов: 3.4%, Калашников: 31.6%, Маряхин: 9.6%, Мотрюков: 12.9%, Найденов: 8.5%, Перфилова: 2.9%, Сакеев: 24.5%
6056;Тольяттинский;Тольятти, Автозаводская;2545;42.40;Барсук: 2.2%, Ершов: 3.5%, Калашников: 33.6%, Маряхин: 9.4%, Мотрюков: 13.4%, Найденов: 8.4%, Перфилова: 3.0%, Сакеев: 21.0%
6057;Тольяттинский;Тольятти, Автозаводская;2621;43.38;Барсук: 1.8%, Ершов: 3.4%, Калашников: 34.7%, Маряхин: 7.7%, Мотрюков: 13.6%, Найденов: 7.7%, Перфилова: 3.6%, Сакеев: 23.6%
6058;Тольяттинский;Тольятти, Автозаводская;2928;40.54;Барсук: 1.9%, Ершов: 4.6%, Калашников: 33.1%, Маряхин: 8.3%, Мотрюков: 16.0%, Найденов: 7.2%, Перфилова: 4.1%, Сакеев: 22.3%
6059;Тольяттинский;Тольятти, Автозаводская;2002;40.76;Барсук: 1.8%, Ершов: 4.4%, Калашников: 23.6%, Маряхин: 16.7%, Мотрюков: 11.2%, Найденов: 9.8%, Перфилова: 1.6%, Сакеев: 25.1%
6060;Тольяттинский;Тольятти, Автозаводская;1884;39.38;Барсук: 0.9%, Ершов: 2.8%, Калашников: 26.8%, Маряхин: 20.1%, Мотрюков: 13.9%, Найденов: 7.4%, Перфилова: 2.0%, Сакеев: 17.8%
6061;Тольяттинский;Тольятти, Автозаводская;2151;39.61;Барсук: 1.8%, Ершов: 3.9%, Калашников: 27.3%, Маряхин: 18.6%, Мотрюков: 11.4%, Найденов: 9.5%, Перфилова: 3.5%, Сакеев: 19.8%
6062;Тольяттинский;Тольятти, Автозаводская;2866;38.00;Барсук: 1.6%, Ершов: 4.2%, Калашников: 25.6%, Маряхин: 17.5%, Мотрюков: 12.1%, Найденов: 7.5%, Перфилова: 3.1%, Сакеев: 20.3%
6063;Тольяттинский;Тольятти, Автозаводская;2891;41.72;Барсук: 2.3%, Ершов: 3.0%, Калашников: 24.3%, Маряхин: 21.4%, Мотрюков: 10.5%, Найденов: 9.7%, Перфилова: 2.9%, Сакеев: 20.5%
6065;Тольяттинский;Тольятти, Автозаводская;1837;41.54;Барсук: 1.6%, Ершов: 2.5%, Калашников: 29.1%, Маряхин: 20.4%, Мотрюков: 11.4%, Найденов: 8.1%, Перфилова: 1.8%, Сакеев: 18.1%
6066;Тольяттинский;Тольятти, Автозаводская;1708;40.11;Барсук: 1.6%, Ершов: 1.8%, Калашников: 21.0%, Маряхин: 16.8%, Мотрюков: 15.6%, Найденов: 8.3%, Перфилова: 2.6%, Сакеев: 26.9%
6067;Тольяттинский;Тольятти, Автозаводская;3078;41.36;Барсук: 1.1%, Ершов: 2.9%, Калашников: 33.1%, Маряхин: 9.2%, Мотрюков: 12.9%, Найденов: 9.0%, Перфилова: 2.8%, Сакеев: 24.6%
6068;Тольяттинский;Тольятти, Автозаводская;3358;39.46;Барсук: 1.4%, Ершов: 4.0%, Калашников: 31.1%, Маряхин: 10.9%, Мотрюков: 11.8%, Найденов: 8.2%, Перфилова: 4.2%, Сакеев: 23.7%
6070;Тольяттинский;Тольятти, Автозаводская;1845;40.05;Барсук: 1.4%, Ершов: 3.6%, Калашников: 31.7%, Маряхин: 7.2%, Мотрюков: 13.3%, Найденов: 7.6%, Перфилова: 3.2%, Сакеев: 24.5%
6071;Тольяттинский;Тольятти, Автозаводская;1896;42.41;Барсук: 2.2%, Ершов: 3.9%, Калашников: 33.1%, Маряхин: 7.8%, Мотрюков: 13.2%, Найденов: 7.7%, Перфилова: 3.2%, Сакеев: 24.0%
6072;Тольяттинский;Тольятти, Автозаводская;2015;37.52;Барсук: 2.1%, Ершов: 4.8%, Калашников: 30.8%, Маряхин: 9.0%, Мотрюков: 13.2%, Найденов: 9.0%, Перфилова: 3.2%, Сакеев: 22.4%
6073;Тольяттинский;Тольятти, Автозаводская;1962;38.63;Барсук: 1.1%, Ершов: 2.9%, Калашников: 29.0%, Маряхин: 9.2%, Мотрюков: 13.6%, Найденов: 9.0%, Перфилова: 3.3%, Сакеев: 25.5%
6074;Тольяттинский;Тольятти, Автозаводская;2374;39.47;Барсук: 1.0%, Ершов: 4.0%, Калашников: 28.6%, Маряхин: 14.2%, Мотрюков: 15.7%, Найденов: 8.2%, Перфилова: 3.0%, Сакеев: 20.1%
6075;Тольяттинский;Тольятти, Автозаводская;2068;40.81;Барсук: 1.2%, Ершов: 3.1%, Калашников: 26.1%, Маряхин: 11.7%, Мотрюков: 12.9%, Найденов: 9.1%, Перфилова: 2.4%, Сакеев: 24.8%
6076;Тольяттинский;Тольятти, Автозаводская;2800;45.39;Барсук: 2.2%, Ершов: 2.8%, Калашников: 29.4%, Маряхин: 7.8%, Мотрюков: 12.4%, Найденов: 8.7%, Перфилова: 3.7%, Сакеев: 27.0%
6077;Тольяттинский;Тольятти, Автозаводская;3028;40.29;Барсук: 1.8%, Ершов: 4.1%, Калашников: 28.6%, Маряхин: 8.4%, Мотрюков: 15.7%, Найденов: 8.0%, Перфилова: 3.9%, Сакеев: 28.4%
6078;Тольяттинский;Тольятти, Автозаводская;2572;43.97;Барсук: 1.9%, Ершов: 4.3%, Калашников: 34.7%, Маряхин: 7.2%, Мотрюков: 15.3%, Найденов: 8.1%, Перфилова: 3.1%, Сакеев: 20.5%
6079;Тольяттинский;Тольятти, Автозаводская;2467;42.85;Барсук: 1.6%, Ершов: 4.2%, Калашников: 34.6%, Маряхин: 8.8%, Мотрюков: 13.4%, Найденов: 6.7%, Перфилова: 3.4%, Сакеев: 23.0%
6081;Тольяттинский;Тольятти, Автозаводская;2011;44.65;Барсук: 1.2%, Ершов: 3.8%, Калашников: 34.9%, Маряхин: 7.6%, Мотрюков: 13.1%, Найденов: 8.0%, Перфилова: 3.3%, Сакеев: 22.4%
6082;Тольяттинский;Тольятти, Автозаводская;2702;40.78;Барсук: 1.4%, Ершов: 4.8%, Калашников: 31.6%, Маряхин: 5.3%, Мотрюков: 17.5%, Найденов: 8.3%, Перфилова: 4.1%, Сакеев: 24.0%
6083;Тольяттинский;Тольятти, Автозаводская;2662;41.36;Барсук: 1.2%, Ершов: 3.9%, Калашников: 32.6%, Маряхин: 7.5%, Мотрюков: 13.1%, Найденов: 9.3%, Перфилова: 2.8%, Сакеев: 23.3%
6084;Тольяттинский;Тольятти, Автозаводская;2108;35.58;Барсук: 0.8%, Ершов: 3.6%, Калашников: 30.8%, Маряхин: 10.5%, Мотрюков: 12.3%, Найденов: 10.0%, Перфилова: 3.1%, Сакеев: 23.1%
6085;Тольяттинский;Тольятти, Автозаводская;2470;42.87;Барсук: 1.6%, Ершов: 4.5%, Калашников: 31.6%, Маряхин: 10.3%, Мотрюков: 12.4%, Найденов: 7.9%, Перфилова: 3.0%, Сакеев: 23.1%
6086;Тольяттинский;Тольятти, Автозаводская;2426;41.55;Барсук: 1.7%, Ершов: 4.4%, Калашников: 29.5%, Маряхин: 11.4%, Мотрюков: 14.6%, Найденов: 8.2%, Перфилова: 3.4%, Сакеев: 24.2%
6088;Тольяттинский;Тольятти, Автозаводская;3086;39.63;Барсук: 2.4%, Ершов: 3.3%, Калашников: 30.7%, Маряхин: 7.1%, Мотрюков: 14.0%, Найденов: 8.1%, Перфилова: 3.3%, Сакеев: 27.7%
6089;Тольяттинский;Тольятти, Автозаводская;3149;38.49;Барсук: 1.6%, Ершов: 4.3%, Калашников: 30.9%, Маряхин: 11.1%, Мотрюков: 13.3%, Найденов: 10.1%, Перфилова: 3.4%, Сакеев: 19.6%
6090;Тольяттинский;Тольятти, Автозаводская;2064;40.75;Барсук: 1.7%, Ершов: 3.5%, Калашников: 32.8%, Маряхин: 8.8%, Мотрюков: 13.9%, Найденов: 10.1%, Перфилова: 2.7%, Сакеев: 20.8%
6091;Тольяттинский;Тольятти, Автозаводская;1856;54.09;Барсук: 2.0%, Ершов: 3.7%, Калашников: 26.0%, Маряхин: 7.6%, Мотрюков: 14.1%, Найденов: 8.9%, Перфилова: 3.5%, Сакеев: 28.2%
6092;Тольяттинский;Тольятти, Автозаводская;1816;48.13;Барсук: 2.1%, Ершов: 4.5%, Калашников: 30.1%, Маряхин: 6.9%, Мотрюков: 9.9%, Найденов: 7.4%, Перфилова: 3.2%, Сакеев: 29.9%
6093;Тольяттинский;Тольятти, Автозаводская;2593;51.83;Барсук: 0.8%, Ершов: 2.7%, Калашников: 40.5%, Маряхин: 8.2%, Мотрюков: 10.8%, Найденов: 8.4%, Перфилова: 3.2%, Сакеев: 20.9%
6094;Тольяттинский;Тольятти, Автозаводская;2052;45.18;Барсук: 2.1%, Ершов: 3.7%, Калашников: 31.7%, Маряхин: 8.7%, Мотрюков: 11.9%, Найденов: 8.4%, Перфилова: 3.8%, Сакеев: 23.1%
6095;Тольяттинский;Тольятти, Автозаводская;2159;45.35;Барсук: 1.3%, Ершов: 4.4%, Калашников: 29.9%, Маряхин: 8.7%, Мотрюков: 12.2%, Найденов: 7.8%, Перфилова: 2.8%, Сакеев: 24.9%
6096;Тольяттинский;Тольятти, Автозаводская;2288;42.66;Барсук: 2.7%, Ершов: 3.0%, Калашников: 33.4%, Маряхин: 8.9%, Мотрюков: 14.2%, Найденов: 7.1%, Перфилова: 2.4%, Сакеев: 22.8%
6097;Тольяттинский;Тольятти, Автозаводская;2555;42.70;Барсук: 0.8%, Ершов: 2.2%, Калашников: 9.9%, Маряхин: 5.4%, Мотрюков: 11.4%, Найденов: 4.7%, Перфилова: 2.8%, Сакеев: 60.6%
6098;Тольяттинский;Тольятти, Автозаводская;2553;44.10;Барсук: 1.1%, Ершов: 2.0%, Калашников: 21.4%, Маряхин: 4.3%, Мотрюков: 9.1%, Найденов: 5.2%, Перфилова: 1.8%, Сакеев: 52.0%
6099;Тольяттинский;Тольятти, Автозаводская;2365;42.16;Барсук: 1.4%, Ершов: 3.6%, Калашников: 32.3%, Маряхин: 7.7%, Мотрюков: 11.7%, Найденов: 8.8%, Перфилова: 3.3%, Сакеев: 24.3%
6100;Тольяттинский;Тольятти, Автозаводская;2490;39.80;Барсук: 0.6%, Ершов: 2.4%, Калашников: 18.2%, Маряхин: 2.7%, Мотрюков: 15.3%, Найденов: 5.0%, Перфилова: 3.0%, Сакеев: 50.4%
6101;Тольяттинский;Тольятти, Автозаводская;2282;44.22;Барсук: 1.3%, Ершов: 3.4%, Калашников: 22.8%, Маряхин: 6.3%, Мотрюков: 7.5%, Найденов: 8.6%, Перфилова: 2.6%, Сакеев: 37.9%
6102;Тольяттинский;Тольятти, Автозаводская;2676;25.11;Барсук: 1.3%, Ершов: 4.3%, Калашников: 29.5%, Маряхин: 8.3%, Мотрюков: 14.0%, Найденов: 10.4%, Перфилова: 3.4%, Сакеев: 25.4%
6103;Тольяттинский;Тольятти, Автозаводская;2008;45.17;Барсук: 2.9%, Ершов: 3.1%, Калашников: 28.5%, Маряхин: 9.1%, Мотрюков: 12.8%, Найденов: 13.6%, Перфилова: 2.4%, Сакеев: 21.3%
6104;Тольяттинский;Тольятти, Автозаводская;1752;43.55;Барсук: 1.9%, Ершов: 4.1%, Калашников: 29.5%, Маряхин: 7.4%, Мотрюков: 13.4%, Найденов: 13.0%, Перфилова: 2.1%, Сакеев: 24.7%
6105;Тольяттинский;Тольятти, Автозаводская;1971;43.33;Барсук: 2.0%, Ершов: 3.8%, Калашников: 30.1%, Маряхин: 9.6%, Мотрюков: 11.2%, Найденов: 12.3%, Перфилова: 2.2%, Сакеев: 22.7%
6106;Тольяттинский;Тольятти, Автозаводская;2306;41.54;Барсук: 2.1%, Ершов: 3.5%, Калашников: 27.4%, Маряхин: 7.4%, Мотрюков: 14.9%, Найденов: 9.0%, Перфилова: 2.8%, Сакеев: 26.9%
6108;Тольяттинский;Тольятти, Автозаводская;2877;40.39;Барсук: 2.1%, Ершов: 3.5%, Калашников: 26.8%, Маряхин: 7.1%, Мотрюков: 15.1%, Найденов: 11.1%, Перфилова: 2.2%, Сакеев: 26.2%
6109;Тольяттинский;Тольятти, Автозаводская;1866;42.02;Барсук: 1.7%, Ершов: 3.7%, Калашников: 32.0%, Маряхин: 7.3%, Мотрюков: 14.0%, Найденов: 9.6%, Перфилова: 2.4%, Сакеев: 22.3%
6110;Тольяттинский;Тольятти, Автозаводская;2942;42.22;Барсук: 2.6%, Ершов: 4.0%, Калашников: 17.1%, Маряхин: 7.8%, Мотрюков: 14.0%, Найденов: 11.4%, Перфилова: 1.9%, Сакеев: 39.6%
6111;Тольяттинский;Тольятти, Автозаводская;2990;42.44;Барсук: 0.7%, Ершов: 4.4%, Калашников: 22.9%, Маряхин: 8.0%, Мотрюков: 13.4%, Найденов: 9.5%, Перфилова: 2.8%, Сакеев: 31.1%
6112;Тольяттинский;Тольятти, Автозаводская;2931;41.21;Барсук: 1.2%, Ершов: 3.8%, Калашников: 30.3%, Маряхин: 8.9%, Мотрюков: 13.7%, Найденов: 10.9%, Перфилова: 2.1%, Сакеев: 23.6%
6113;Тольяттинский;Тольятти, Автозаводская;2813;40.03;Барсук: 1.5%, Ершов: 3.7%, Калашников: 24.4%, Маряхин: 5.5%, Мотрюков: 10.4%, Найденов: 9.4%, Перфилова: 2.0%, Сакеев: 38.4%
6115;Тольяттинский;Тольятти, Автозаводская;3361;43.14;Барсук: 1.9%, Ершов: 3.5%, Калашников: 34.8%, Маряхин: 6.2%, Мотрюков: 14.1%, Найденов: 9.2%, Перфилова: 2.4%, Сакеев: 22.6%
6116;Тольяттинский;Тольятти, Автозаводская;3268;43.48;Барсук: 0.9%, Ершов: 4.2%, Калашников: 30.8%, Маряхин: 6.3%, Мотрюков: 12.8%, Найденов: 12.0%, Перфилова: 3.2%, Сакеев: 22.7%
6118;Тольяттинский;Тольятти, Автозаводская;2309;42.96;Барсук: 1.8%, Ершов: 4.2%, Калашников: 29.4%, Маряхин: 6.1%, Мотрюков: 11.5%, Найденов: 11.3%, Перфилова: 2.7%, Сакеев: 24.0%
6119;Тольяттинский;Тольятти, Автозаводская;2524;39.90;Барсук: 2.6%, Ершов: 3.8%, Калашников: 31.6%, Маряхин: 6.7%, Мотрюков: 13.4%, Найденов: 10.3%, Перфилова: 2.8%, Сакеев: 23.2%
6120;Тольяттинский;Тольятти, Автозаводская;2621;40.21;Барсук: 1.4%, Ершов: 2.5%, Калашников: 32.0%, Маряхин: 7.2%, Мотрюков: 15.7%, Найденов: 9.3%, Перфилова: 4.2%, Сакеев: 23.8%
6121;Тольяттинский;Тольятти, Автозаводская;2225;42.43;Барсук: 1.5%, Ершов: 4.4%, Калашников: 29.9%, Маряхин: 7.5%, Мотрюков: 12.2%, Найденов: 11.4%, Перфилова: 3.0%, Сакеев: 21.8%
6122;Тольяттинский;Тольятти, Автозаводская;2090;45.41;Барсук: 1.3%, Ершов: 3.9%, Калашников: 30.4%, Маряхин: 6.4%, Мотрюков: 13.3%, Найденов: 9.1%, Перфилова: 2.1%, Сакеев: 29.7%
6123;Тольяттинский;Тольятти, Автозаводская;2042;42.61;Барсук: 3.0%, Ершов: 6.9%, Калашников: 20.1%, Маряхин: 8.4%, Мотрюков: 16.1%, Найденов: 7.7%, Перфилова: 5.3%, Сакеев: 28.8%
6124;Тольяттинский;Тольятти, Автозаводская;2366;40.96;Барсук: 1.8%, Ершов: 2.8%, Калашников: 25.4%, Маряхин: 5.3%, Мотрюков: 12.1%, Найденов: 7.4%, Перфилова: 1.9%, Сакеев: 39.5%
6125;Тольяттинский;Тольятти, Автозаводская;1664;36.90;Барсук: 0.8%, Ершов: 2.6%, Калашников: 24.3%, Маряхин: 7.3%, Мотрюков: 10.6%, Найденов: 10.3%, Перфилова: 2.6%, Сакеев: 38.0%
6126;Тольяттинский;Тольятти, Автозаводская;2371;37.16;Барсук: 1.9%, Ершов: 3.3%, Калашников: 22.6%, Маряхин: 6.9%, Мотрюков: 12.8%, Найденов: 8.4%, Перфилова: 3.3%, Сакеев: 35.9%
6127;Тольяттинский;Тольятти, Автозаводская;2414;41.71;Барсук: 2.1%, Ершов: 3.1%, Калашников: 29.8%, Маряхин: 7.6%, Мотрюков: 14.2%, Найденов: 10.4%, Перфилова: 3.9%, Сакеев: 23.1%
6128;Тольяттинский;Тольятти, Автозаводская;2223;44.71;Барсук: 1.7%, Ершов: 4.2%, Калашников: 30.9%, Маряхин: 9.2%, Мотрюков: 11.9%, Найденов: 9.9%, Перфилова: 1.9%, Сакеев: 25.3%
6129;Тольяттинский;Тольятти, Автозаводская;2419;39.44;Барсук: 1.5%, Ершов: 3.8%, Калашников: 34.4%, Маряхин: 6.3%, Мотрюков: 15.0%, Найденов: 10.9%, Перфилова: 2.1%, Сакеев: 20.5%
6130;Тольяттинский;Тольятти, Автозаводская;2317;40.22;Барсук: 1.0%, Ершов: 3.4%, Калашников: 31.4%, Маряхин: 6.1%, Мотрюков: 13.5%, Найденов: 10.5%, Перфилова: 2.8%, Сакеев: 24.7%
6131;Тольяттинский;Тольятти, Автозаводская;2441;38.96;Барсук: 1.9%, Ершов: 4.3%, Калашников: 21.3%, Маряхин: 7.2%, Мотрюков: 15.5%, Найденов: 10.9%, Перфилова: 3.3%, Сакеев: 26.9%
6132;Тольяттинский;Тольятти, Автозаводская;2693;40.70;Барсук: 1.9%, Ершов: 3.9%, Калашников: 29.6%, Маряхин: 7.7%, Мотрюков: 14.1%, Найденов: 9.8%, Перфилова: 2.1%, Сакеев: 27.3%
6133;Тольяттинский;Тольятти, Автозаводская;2275;42.33;Барсук: 1.9%, Ершов: 3.5%, Калашников: 31.4%, Маряхин: 6.8%, Мотрюков: 13.4%, Найденов: 9.2%, Перфилова: 4.0%, Сакеев: 23.8%
6135;Тольяттинский;Тольятти, Автозаводская;2979;39.68;Барсук: 1.5%, Ершов: 4.8%, Калашников: 28.2%, Маряхин: 7.1%, Мотрюков: 12.7%, Найденов: 12.5%, Перфилова: 3.4%, Сакеев: 24.3%
6136;Тольяттинский;Тольятти, Автозаводская;2841;40.94;Барсук: 1.6%, Ершов: 3.3%, Калашников: 23.6%, Маряхин: 6.5%, Мотрюков: 10.0%, Найденов: 10.0%, Перфилова: 2.0%, Сакеев: 37.5%
6137;Тольяттинский;Тольятти, Автозаводская;2967;39.33;Барсук: 1.9%, Ершов: 3.7%, Калашников: 28.4%, Маряхин: 8.3%, Мотрюков: 15.1%, Найденов: 10.6%, Перфилова: 2.8%, Сакеев: 22.1%
6138;Тольяттинский;Тольятти, Автозаводская;3328;40.02;Барсук: 1.8%, Ершов: 4.3%, Калашников: 29.3%, Маряхин: 7.2%, Мотрюков: 13.7%, Найденов: 14.6%, Перфилова: 2.6%, Сакеев: 22.5%
6139;Тольяттинский;Тольятти, Автозаводская;3394;39.25;Барсук: 1.7%, Ершов: 4.1%, Калашников: 27.8%, Маряхин: 8.3%, Мотрюков: 13.1%, Найденов: 11.6%, Перфилова: 2.9%, Сакеев: 24.0%
6141;Тольяттинский;Тольятти, Автозаводская;2909;43.73;Барсук: 1.4%, Ершов: 4.2%, Калашников: 29.3%, Маряхин: 7.4%, Мотрюков: 14.3%, Найденов: 9.1%, Перфилова: 4.5%, Сакеев: 24.4%
6143;Тольяттинский;Тольятти, Автозаводская;2392;32.23;Барсук: 0.8%, Ершов: 2.1%, Калашников: 15.8%, Маряхин: 3.8%, Мотрюков: 11.9%, Найденов: 6.5%, Перфилова: 1.7%, Сакеев: 55.0%
6145;Тольяттинский;Тольятти, Автозаводская;1987;53.80;Барсук: 2.7%, Ершов: 4.1%, Калашников: 18.3%, Маряхин: 10.5%, Мотрюков: 18.6%, Найденов: 11.1%, Перфилова: 3.1%, Сакеев: 25.6%
4001;Тольяттинский;Тольятти, Центральная;2244;46.93;Барсук: 1.5%, Ершов: 4.8%, Калашников: 23.9%, Маряхин: 9.9%, Мотрюков: 15.1%, Найденов: 7.5%, Перфилова: 3.6%, Сакеев: 28.3%
4002;Тольяттинский;Тольятти, Центральная;1618;38.57;Барсук: 1.6%, Ершов: 3.5%, Калашников: 20.8%, Маряхин: 10.6%, Мотрюков: 17.9%, Найденов: 8.5%, Перфилова: 5.3%, Сакеев: 26.1%
4003;Тольяттинский;Тольятти, Центральная;2043;42.19;Барсук: 2.3%, Ершов: 5.6%, Калашников: 21.9%, Маряхин: 9.3%, Мотрюков: 8.1%, Найденов: 7.2%, Перфилова: 3.5%, Сакеев: 37.5%
4004;Тольяттинский;Тольятти, Центральная;1918;47.13;Барсук: 1.3%, Ершов: 5.4%, Калашников: 20.5%, Маряхин: 14.1%, Мотрюков: 8.5%, Найденов: 6.9%, Перфилова: 4.8%, Сакеев: 32.9%
4005;Тольяттинский;Тольятти, Центральная;1756;39.01;Барсук: 0.6%, Ершов: 2.3%, Калашников: 43.8%, Маряхин: 7.6%, Мотрюков: 9.2%, Найденов: 3.6%, Перфилова: 2.0%, Сакеев: 29.1%
4006;Тольяттинский;Тольятти, Центральная;3587;40.93;Барсук: 1.2%, Ершов: 1.7%, Калашников: 11.0%, Маряхин: 3.9%, Мотрюков: 7.1%, Найденов: 2.1%, Перфилова: 1.7%, Сакеев: 57.9%
4007;Тольяттинский;Тольятти, Центральная;2217;39.15;Барсук: 2.1%, Ершов: 5.5%, Калашников: 27.9%, Маряхин: 11.6%, Мотрюков: 11.9%, Найденов: 7.3%, Перфилова: 5.2%, Сакеев: 22.2%
4008;Тольяттинский;Тольятти, Центральная;1737;37.94;Барсук: 2.0%, Ершов: 6.2%, Калашников: 25.0%, Маряхин: 12.6%, Мотрюков: 12.3%, Найденов: 8.3%, Перфилова: 4.0%, Сакеев: 23.4%
4010;Тольяттинский;Тольятти, Центральная;2389;46.21;Барсук: 1.4%, Ершов: 4.5%, Калашников: 28.4%, Маряхин: 7.4%, Мотрюков: 17.6%, Найденов: 4.6%, Перфилова: 3.5%, Сакеев: 28.7%
4011;Тольяттинский;Тольятти, Центральная;1911;48.40;Барсук: 1.4%, Ершов: 2.6%, Калашников: 29.5%, Маряхин: 13.1%, Мотрюков: 11.9%, Найденов: 7.1%, Перфилова: 3.6%, Сакеев: 25.1%
4012;Тольяттинский;Тольятти, Центральная;2610;43.98;Барсук: 1.8%, Ершов: 6.0%, Калашников: 28.5%, Маряхин: 14.0%, Мотрюков: 10.0%, Найденов: 7.6%, Перфилова: 3.7%, Сакеев: 23.8%
4013;Тольяттинский;Тольятти, Центральная;2819;46.65;Барсук: 1.8%, Ершов: 4.9%, Калашников: 32.8%, Маряхин: 13.0%, Мотрюков: 11.4%, Найденов: 6.0%, Перфилова: 4.5%, Сакеев: 20.7%
4015;Тольяттинский;Тольятти, Центральная;2179;48.46;Барсук: 1.4%, Ершов: 5.2%, Калашников: 29.3%, Маряхин: 14.8%, Мотрюков: 10.3%, Найденов: 6.4%, Перфилова: 3.5%, Сакеев: 22.5%
4016;Тольяттинский;Тольятти, Центральная;3013;47.06;Барсук: 1.2%, Ершов: 4.3%, Калашников: 30.6%, Маряхин: 12.8%, Мотрюков: 10.7%, Найденов: 5.8%, Перфилова: 4.2%, Сакеев: 24.5%
4018;Тольяттинский;Тольятти, Центральная;3035;33.44;Барсук: 2.7%, Ершов: 7.6%, Калашников: 29.1%, Маряхин: 12.1%, Мотрюков: 12.5%, Найденов: 7.5%, Перфилова: 3.0%, Сакеев: 19.5%
4019;Тольяттинский;Тольятти, Центральная;2041;36.99;Барсук: 1.9%, Ершов: 5.4%, Калашников: 29.7%, Маряхин: 17.5%, Мотрюков: 10.3%, Найденов: 5.8%, Перфилова: 2.5%, Сакеев: 18.4%
4020;Тольяттинский;Тольятти, Центральная;1799;36.63;Барсук: 2.1%, Ершов: 5.4%, Калашников: 27.9%, Маряхин: 15.8%, Мотрюков: 7.8%, Найденов: 8.3%, Перфилова: 2.8%, Сакеев: 22.1%
4021;Тольяттинский;Тольятти, Центральная;1905;40.58;Барсук: 1.3%, Ершов: 5.6%, Калашников: 24.6%, Маряхин: 17.2%, Мотрюков: 10.6%, Найденов: 6.3%, Перфилова: 3.0%, Сакеев: 23.3%
4022;Тольяттинский;Тольятти, Центральная;1863;43.75;Барсук: 2.5%, Ершов: 6.4%, Калашников: 26.6%, Маряхин: 15.6%, Мотрюков: 12.4%, Найденов: 6.8%, Перфилова: 3.8%, Сакеев: 19.9%
4023;Тольяттинский;Тольятти, Центральная;2057;41.66;Барсук: 2.6%, Ершов: 3.7%, Калашников: 27.4%, Маряхин: 14.5%, Мотрюков: 10.5%, Найденов: 9.3%, Перфилова: 3.3%, Сакеев: 20.5%
4024;Тольяттинский;Тольятти, Центральная;2099;39.59;Барсук: 1.9%, Ершов: 4.2%, Калашников: 25.5%, Маряхин: 18.3%, Мотрюков: 11.8%, Найденов: 6.3%, Перфилова: 3.2%, Сакеев: 22.4%
4025;Тольяттинский;Тольятти, Центральная;1987;40.16;Барсук: 2.8%, Ершов: 5.9%, Калашников: 24.6%, Маряхин: 17.2%, Мотрюков: 11.8%, Найденов: 6.3%, Перфилова: 3.4%, Сакеев: 21.8%
4026;Тольяттинский;Тольятти, Центральная;1822;39.68;Барсук: 1.8%, Ершов: 3.7%, Калашников: 27.3%, Маряхин: 18.2%, Мотрюков: 11.2%, Найденов: 10.7%, Перфилова: 2.6%, Сакеев: 18.4%
4027;Тольяттинский;Тольятти, Центральная;2733;37.14;Барсук: 2.3%, Ершов: 7.0%, Калашников: 22.3%, Маряхин: 14.5%, Мотрюков: 10.9%, Найденов: 6.4%, Перфилова: 4.2%, Сакеев: 23.8%
4028;Тольяттинский;Тольятти, Центральная;2862;39.62;Барсук: 2.7%, Ершов: 5.0%, Калашников: 30.1%, Маряхин: 12.0%, Мотрюков: 10.8%, Найденов: 6.5%, Перфилова: 4.7%, Сакеев: 21.7%
4029;Тольяттинский;Тольятти, Центральная;2900;37.28;Барсук: 2.4%, Ершов: 5.2%, Калашников: 24.4%, Маряхин: 13.9%, Мотрюков: 13.6%, Найденов: 8.0%, Перфилова: 4.1%, Сакеев: 23.0%
4030;Тольяттинский;Тольятти, Центральная;1902;41.06;Барсук: 1.9%, Ершов: 6.9%, Калашников: 27.1%, Маряхин: 12.0%, Мотрюков: 14.6%, Найденов: 7.3%, Перфилова: 4.6%, Сакеев: 20.4%
4032;Тольяттинский;Тольятти, Центральная;1975;39.59;Барсук: 3.3%, Ершов: 5.1%, Калашников: 27.6%, Маряхин: 11.6%, Мотрюков: 11.0%, Найденов: 6.7%, Перфилова: 5.9%, Сакеев: 23.8%
4033;Тольяттинский;Тольятти, Центральная;1981;35.44;Барсук: 2.1%, Ершов: 5.7%, Калашников: 28.5%, Маряхин: 7.7%, Мотрюков: 14.0%, Найденов: 8.3%, Перфилова: 2.7%, Сакеев: 22.5%
4034;Тольяттинский;Тольятти, Центральная;2246;36.46;Барсук: 2.1%, Ершов: 7.4%, Калашников: 25.4%, Маряхин: 12.8%, Мотрюков: 13.4%, Найденов: 9.4%, Перфилова: 4.2%, Сакеев: 17.2%
4035;Тольяттинский;Тольятти, Центральная;1979;35.93;Барсук: 0.8%, Ершов: 3.0%, Калашников: 18.6%, Маряхин: 6.9%, Мотрюков: 7.3%, Найденов: 3.7%, Перфилова: 1.8%, Сакеев: 55.3%
4036;Тольяттинский;Тольятти, Центральная;1869;39.65;Барсук: 0.4%, Ершов: 3.2%, Калашников: 49.1%, Маряхин: 6.1%, Мотрюков: 6.9%, Найденов: 3.5%, Перфилова: 1.2%, Сакеев: 19.0%
4037;Тольяттинский;Тольятти, Центральная;2226;37.33;Барсук: 1.4%, Ершов: 4.3%, Калашников: 26.5%, Маряхин: 19.5%, Мотрюков: 9.8%, Найденов: 6.7%, Перфилова: 3.6%, Сакеев: 21.7%
4038;Тольяттинский;Тольятти, Центральная;1507;33.18;Барсук: 2.0%, Ершов: 6.4%, Калашников: 27.2%, Маряхин: 12.4%, Мотрюков: 14.2%, Найденов: 5.6%, Перфилова: 3.6%, Сакеев: 22.4%
4039;Тольяттинский;Тольятти, Центральная;2236;36.36;Барсук: 2.2%, Ершов: 4.8%, Калашников: 22.3%, Маряхин: 20.7%, Мотрюков: 11.2%, Найденов: 7.4%, Перфилова: 2.9%, Сакеев: 18.2%
4040;Тольяттинский;Тольятти, Центральная;2375;39.41;Барсук: 1.5%, Ершов: 2.6%, Калашников: 28.9%, Маряхин: 14.2%, Мотрюков: 12.3%, Найденов: 6.4%, Перфилова: 3.1%, Сакеев: 24.9%
4041;Тольяттинский;Тольятти, Центральная;2299;59.37;Барсук: 1.6%, Ершов: 2.9%, Калашников: 43.7%, Маряхин: 7.0%, Мотрюков: 6.2%, Найденов: 4.0%, Перфилова: 2.1%, Сакеев: 30.1%
4042;Тольяттинский;Тольятти, Центральная;2346;36.02;Барсук: 1.7%, Ершов: 5.9%, Калашников: 26.3%, Маряхин: 11.5%, Мотрюков: 13.4%, Найденов: 7.1%, Перфилова: 3.8%, Сакеев: 24.4%
4043;Тольяттинский;Тольятти, Центральная;1489;28.61;Барсук: 3.5%, Ершов: 7.0%, Калашников: 25.1%, Маряхин: 12.0%, Мотрюков: 10.1%, Найденов: 6.8%, Перфилова: 1.4%, Сакеев: 24.9%
4044;Тольяттинский;Тольятти, Центральная;2116;27.65;Барсук: 1.7%, Ершов: 2.9%, Калашников: 33.5%, Маряхин: 10.3%, Мотрюков: 9.1%, Найденов: 5.1%, Перфилова: 2.0%, Сакеев: 31.4%
4045;Тольяттинский;Тольятти, Центральная;2413;41.48;Барсук: 11.9%, Ершов: 4.3%, Калашников: 34.2%, Маряхин: 8.8%, Мотрюков: 5.6%, Найденов: 6.9%, Перфилова: 6.7%, Сакеев: 19.4%
4046;Тольяттинский;Тольятти, Центральная;2424;33.62;Барсук: 2.1%, Ершов: 5.5%, Калашников: 20.7%, Маряхин: 19.0%, Мотрюков: 12.4%, Найденов: 6.9%, Перфилова: 3.3%, Сакеев: 21.6%
4047;Тольяттинский;Тольятти, Центральная;1821;25.43;Барсук: 1.9%, Ершов: 8.0%, Калашников: 25.9%, Маряхин: 6.9%, Мотрюков: 12.3%, Найденов: 8.0%, Перфилова: 3.2%, Сакеев: 24.6%
4048;Тольяттинский;Тольятти, Центральная;1467;38.51;Барсук: 1.1%, Ершов: 1.1%, Калашников: 15.0%, Маряхин: 8.3%, Мотрюков: 5.8%, Найденов: 2.6%, Перфилова: 1.9%, Сакеев: 58.8%
4049;Тольяттинский;Тольятти, Центральная;1810;30.22;Барсук: 3.0%, Ершов: 7.1%, Калашников: 21.4%, Маряхин: 11.7%, Мотрюков: 12.6%, Найденов: 9.1%, Перфилова: 3.5%, Сакеев: 24.9%
4050;Тольяттинский;Тольятти, Центральная;1467;33.40;Барсук: 2.9%, Ершов: 5.3%, Калашников: 24.5%, Маряхин: 12.4%, Мотрюков: 11.6%, Найденов: 8.4%, Перфилова: 4.1%, Сакеев: 22.9%
4052;Тольяттинский;Тольятти, Центральная;2871;33.58;Барсук: 1.1%, Ершов: 4.9%, Калашников: 28.3%, Маряхин: 9.1%, Мотрюков: 13.2%, Найденов: 7.7%, Перфилова: 3.1%, Сакеев: 25.6%
4053;Тольяттинский;Тольятти, Центральная;2863;38.25;Барсук: 2.0%, Ершов: 4.6%, Калашников: 27.0%, Маряхин: 6.4%, Мотрюков: 13.3%, Найденов: 6.7%, Перфилова: 4.4%, Сакеев: 28.3%
4054;Тольяттинский;Тольятти, Центральная;2946;42.16;Барсук: 1.4%, Ершов: 5.4%, Калашников: 28.1%, Маряхин: 9.7%, Мотрюков: 13.5%, Найденов: 8.9%, Перфилова: 4.3%, Сакеев: 23.9%
4055;Тольяттинский;Тольятти, Центральная;2605;36.66;Барсук: 1.3%, Ершов: 6.4%, Калашников: 24.8%, Маряхин: 8.3%, Мотрюков: 15.5%, Найденов: 9.6%, Перфилова: 4.0%, Сакеев: 26.2%
4056;Тольяттинский;Тольятти, Центральная;1195;42.51;Барсук: 2.2%, Ершов: 3.8%, Калашников: 29.4%, Маряхин: 11.4%, Мотрюков: 10.7%, Найденов: 7.1%, Перфилова: 4.5%, Сакеев: 24.9%
4057;Тольяттинский;Тольятти, Центральная;139;21.58;Барсук: 0.0%, Ершов: 6.7%, Калашников: 30.0%, Маряхин: 10.0%, Мотрюков: 10.0%, Найденов: 3.3%, Перфилова: 0.0%, Сакеев: 30.0%
4058;Тольяттинский;Тольятти, Центральная;324;86.73;Барсук: 1.4%, Ершов: 2.1%, Калашников: 11.0%, Маряхин: 10.0%, Мотрюков: 3.9%, Найденов: 8.5%, Перфилова: 1.8%, Сакеев: 59.4%
4059;Тольяттинский;Тольятти, Центральная;1403;31.36;Барсук: 1.4%, Ершов: 1.6%, Калашников: 15.0%, Маряхин: 3.6%, Мотрюков: 11.8%, Найденов: 4.8%, Перфилова: 2.3%, Сакеев: 55.2%
704;Красноглинский;Волжская-161;1730;81.97;Боброва: 3.8%, Маркаров: 2.6%, Меньших: 5.4%, Портнягин: 85.0%, Сазонов: 2.0%
705;Красноглинский;Волжская-161;1598;80.98;Боброва: 3.8%, Маркаров: 2.9%, Меньших: 2.2%, Портнягин: 86.2%, Сазонов: 4.0%
706;Красноглинский;Волжская-161;1954;76.25;Боброва: 7.1%, Маркаров: 6.9%, Меньших: 2.8%, Портнягин: 81.0%, Сазонов: 2.1%
725;Красноглинский;Волжская-161;2190;83.79;Боброва: 4.0%, Маркаров: 0.5%, Меньших: 9.1%, Портнягин: 85.0%, Сазонов: 1.5%
726;Красноглинский;Волжская-161;2495;84.29;Боброва: 1.3%, Маркаров: 3.2%, Меньших: 9.0%, Портнягин: 84.2%, Сазонов: 1.5%
727;Красноглинский;Волжская-161;1498;82.11;Боброва: 3.2%, Маркаров: 6.8%, Меньших: 5.0%, Портнягин: 82.3%, Сазонов: 2.1%
728;Красноглинский;Волжская-161;1334;80.13;Боброва: 3.0%, Маркаров: 1.4%, Меньших: 8.3%, Портнягин: 80.5%, Сазонов: 1.0%
729;Красноглинский;Волжская-161;2158;80.26;Боброва: 2.9%, Маркаров: 4.6%, Меньших: 9.2%, Портнягин: 80.1%, Сазонов: 2.3%
730;Красноглинский;Волжская-161;2570;81.13;Боброва: 10.6%, Маркаров: 5.8%, Меньших: 10.5%, Портнягин: 66.8%, Сазонов: 6.2%
738;Красноглинский;Волжская-161;2619;83.89;Боброва: 7.9%, Маркаров: 4.5%, Меньших: 3.7%, Портнягин: 80.8%, Сазонов: 3.0%
748;Красноглинский;Волжская-161;2315;58.70;Боброва: 14.2%, Маркаров: 8.8%, Меньших: 6.7%, Портнягин: 62.2%, Сазонов: 4.0%
751;Красноглинский;Волжская-161;2380;84.79;Боброва: 1.8%, Маркаров: 3.6%, Меньших: 5.0%, Портнягин: 85.5%, Сазонов: 4.1%
752;Красноглинский;Волжская-161;2426;83.97;Боброва: 1.6%, Маркаров: 4.2%, Меньших: 6.7%, Портнягин: 85.3%, Сазонов: 2.2%
755;Красноглинский;Волжская-161;2755;86.82;Боброва: 2.1%, Маркаров: 5.0%, Меньших: 5.6%, Портнягин: 85.2%, Сазонов: 2.0%
801;Красноглинский;Елховская;201;98.01;Боброва: 2.0%, Маркаров: 0.0%, Меньших: 0.5%, Портнягин: 97.0%, Сазонов: 0.5%
802;Красноглинский;Елховская;474;98.52;Боброва: 0.6%, Маркаров: 0.4%, Меньших: 0.4%, Портнягин: 98.5%, Сазонов: 0.0%
803;Красноглинский;Елховская;476;98.32;Боброва: 2.6%, Маркаров: 0.0%, Меньших: 3.6%, Портнягин: 93.6%, Сазонов: 0.2%
804;Красноглинский;Елховская;510;98.04;Боброва: 4.2%, Маркаров: 1.6%, Меньших: 1.0%, Портнягин: 90.6%, Сазонов: 1.8%
805;Красноглинский;Елховская;629;94.75;Боброва: 5.7%, Маркаров: 2.4%, Меньших: 1.5%, Портнягин: 87.1%, Сазонов: 2.0%
806;Красноглинский;Елховская;306;98.37;Боброва: 2.3%, Маркаров: 1.7%, Меньших: 0.0%, Портнягин: 96.0%, Сазонов: 0.0%
807;Красноглинский;Елховская;235;100.00;Боброва: 5.5%, Маркаров: 0.4%, Меньших: 0.8%, Портнягин: 93.2%, Сазонов: 0.0%
808;Красноглинский;Елховская;250;100.00;Боброва: 5.6%, Маркаров: 2.4%, Меньших: 0.8%, Портнягин: 90.4%, Сазонов: 0.8%
809;Красноглинский;Елховская;181;73.48;Боброва: 7.5%, Маркаров: 6.0%, Меньших: 6.0%, Портнягин: 15.8%, Сазонов: 5.3%
810;Красноглинский;Елховская;105;80.95;Боброва: 14.1%, Маркаров: 0.0%, Меньших: 5.9%, Портнягин: 77.7%, Сазонов: 2.4%
812;Красноглинский;Елховская;452;97.79;Боброва: 4.5%, Маркаров: 0.0%, Меньших: 3.2%, Портнягин: 90.3%, Сазонов: 2.0%
813;Красноглинский;Елховская;66;98.48;Боброва: 3.1%, Маркаров: 3.1%, Меньших: 1.5%, Портнягин: 90.8%, Сазонов: 1.5%
814;Красноглинский;Елховская;551;97.10;Боброва: 4.5%, Маркаров: 2.8%, Меньших: 2.1%, Портнягин: 87.8%, Сазонов: 2.8%
815;Красноглинский;Елховская;89;85.39;Боброва: 23.7%, Маркаров: 4.0%, Меньших: 11.8%, Портнягин: 52.6%, Сазонов: 7.9%
816;Красноглинский;Елховская;174;95.40;Боброва: 9.0%, Маркаров: 3.6%, Меньших: 1.8%, Портнягин: 83.7%, Сазонов: 1.8%
817;Красноглинский;Елховская;418;97.61;Боброва: 4.2%, Маркаров: 0.0%, Меньших: 5.2%, Портнягин: 90.7%, Сазонов: 0.0%
818;Красноглинский;Елховская;153;98.69;Боброва: 2.6%, Маркаров: 5.3%, Меньших: 0.7%, Портнягин: 90.1%, Сазонов: 1.3%
819;Красноглинский;Елховская;224;98.66;Боброва: 6.8%, Маркаров: 1.8%, Меньших: 0.0%, Портнягин: 91.4%, Сазонов: 0.0%
820;Красноглинский;Елховская;297;96.97;Боброва: 1.0%, Маркаров: 0.7%, Меньших: 0.7%, Портнягин: 96.9%, Сазонов: 0.7%
821;Красноглинский;Елховская;213;97.65;Боброва: 5.3%, Маркаров: 2.4%, Меньших: 1.4%, Портнягин: 88.5%, Сазонов: 2.4%
1001;Красноглинский;Исаклинская;1615;96.22;Боброва: 10.5%, Маркаров: 6.4%, Меньших: 8.8%, Портнягин: 63.5%, Сазонов: 8.5%
1002;Красноглинский;Исаклинская;1446;92.32;Боброва: 13.6%, Маркаров: 6.8%, Меньших: 5.7%, Портнягин: 63.4%, Сазонов: 7.1%
1003;Красноглинский;Исаклинская;189;98.94;Боброва: 12.3%, Маркаров: 4.3%, Меньших: 3.7%, Портнягин: 73.3%, Сазонов: 6.4%
1004;Красноглинский;Исаклинская;104;92.31;Боброва: 14.6%, Маркаров: 12.5%, Меньших: 5.2%, Портнягин: 52.1%, Сазонов: 12.5%
1005;Красноглинский;Исаклинская;392;91.84;Боброва: 6.1%, Маркаров: 2.2%, Меньших: 4.2%, Портнягин: 80.0%, Сазонов: 7.5%
1007;Красноглинский;Исаклинская;241;95.85;Боброва: 15.2%, Маркаров: 8.7%, Меньших: 0.0%, Портнягин: 74.5%, Сазонов: 1.7%
1008;Красноглинский;Исаклинская;161;98.76;Боброва: 9.4%, Маркаров: 3.1%, Меньших: 1.9%, Портнягин: 82.4%, Сазонов: 3.1%
1009;Красноглинский;Исаклинская;110;95.45;Боброва: 3.8%, Маркаров: 0.0%, Меньших: 5.7%, Портнягин: 81.0%, Сазонов: 9.5%
1010;Красноглинский;Исаклинская;268;98.51;Боброва: 7.6%, Маркаров: 1.1%, Меньших: 7.6%, Портнягин: 79.5%, Сазонов: 3.4%
1012;Красноглинский;Исаклинская;129;98.45;Боброва: 5.5%, Маркаров: 0.0%, Меньших: 7.1%, Портнягин: 85.8%, Сазонов: 1.6%
1013;Красноглинский;Исаклинская;132;98.48;Боброва: 0.8%, Маркаров: 0.8%, Меньших: 2.3%, Портнягин: 91.5%, Сазонов: 3.1%
1015;Красноглинский;Исаклинская;686;93.29;Боброва: 10.2%, Маркаров: 6.6%, Меньших: 5.0%, Портнягин: 71.1%, Сазонов: 7.2%
1016;Красноглинский;Исаклинская;460;91.96;Боброва: 13.5%, Маркаров: 6.4%, Меньших: 3.3%, Портнягин: 70.9%, Сазонов: 5.9%
1017;Красноглинский;Исаклинская;236;99.15;Боброва: 3.9%, Маркаров: 0.0%, Меньших: 0.0%, Портнягин: 90.2%, Сазонов: 6.0%
1018;Красноглинский;Исаклинская;621;92.11;Боброва: 9.8%, Маркаров: 6.5%, Меньших: 4.4%, Портнягин: 70.3%, Сазонов: 7.9%
1019;Красноглинский;Исаклинская;161;93.17;Боброва: 16.7%, Маркаров: 2.7%, Меньших: 4.0%, Портнягин: 74.0%, Сазонов: 2.7%
1020;Красноглинский;Исаклинская;288;94.10;Боброва: 5.2%, Маркаров: 6.3%, Меньших: 7.0%, Портнягин: 73.4%, Сазонов: 3.7%
1021;Красноглинский;Исаклинская;172;96.51;Боброва: 7.8%, Маркаров: 5.4%, Меньших: 6.6%, Портнягин: 72.9%, Сазонов: 7.2%
1022;Красноглинский;Исаклинская;265;95.47;Боброва: 11.5%, Маркаров: 5.9%, Меньших: 5.9%, Портнягин: 66.0%, Сазонов: 9.5%
1023;Красноглинский;Исаклинская;228;93.86;Боброва: 19.2%, Маркаров: 14.0%, Меньших: 3.7%, Портнягин: 50.9%, Сазонов: 10.3%
1024;Красноглинский;Исаклинская;234;99.15;Боброва: 9.1%, Маркаров: 2.2%, Меньших: 3.0%, Портнягин: 77.6%, Сазонов: 8.2%
1025;Красноглинский;Исаклинская;502;98.01;Боброва: 8.3%, Маркаров: 3.2%, Меньших: 5.9%, Портнягин: 73.4%, Сазонов: 7.9%
1101;Красноглинский;Камышлинская;188;99.47;Боброва: 2.1%, Маркаров: 0.0%, Меньших: 1.1%, Портнягин: 96.8%, Сазонов: 0.0%
1102;Красноглинский;Камышлинская;167;96.41;Боброва: 9.9%, Маркаров: 0.6%, Меньших: 0.0%, Портнягин: 88.2%, Сазонов: 1.2%
1103;Красноглинский;Камышлинская;110;97.27;Боброва: 12.2%, Маркаров: 4.7%, Меньших: 4.7%, Портнягин: 70.1%, Сазонов: 8.4%
1104;Красноглинский;Камышлинская;370;99.46;Боброва: 9.8%, Маркаров: 3.8%, Меньших: 3.0%, Портнягин: 78.5%, Сазонов: 4.9%
1106;Красноглинский;Камышлинская;1767;95.19;Боброва: 13.7%, Маркаров: 5.2%, Меньших: 2.9%, Портнягин: 69.5%, Сазонов: 7.1%
1107;Красноглинский;Камышлинская;1153;84.04;Боброва: 13.8%, Маркаров: 4.2%, Меньших: 3.1%, Портнягин: 70.4%, Сазонов: 6.6%
1108;Красноглинский;Камышлинская;128;99.22;Боброва: 19.7%, Маркаров: 1.6%, Меньших: 3.1%, Портнягин: 67.7%, Сазонов: 7.9%
1109;Красноглинский;Камышлинская;758;94.33;Боброва: 22.1%, Маркаров: 3.5%, Меньших: 3.1%, Портнягин: 65.2%, Сазонов: 5.2%
1110;Красноглинский;Камышлинская;155;94.19;Боброва: 26.7%, Маркаров: 4.1%, Меньших: 5.5%, Портнягин: 52.7%, Сазонов: 6.2%
1111;Красноглинский;Камышлинская;797;93.48;Боброва: 5.0%, Маркаров: 1.5%, Меньших: 1.9%, Портнягин: 90.1%, Сазонов: 1.5%
1112;Красноглинский;Камышлинская;226;98.67;Боброва: 13.4%, Маркаров: 3.1%, Меньших: 3.1%, Портнягин: 77.6%, Сазонов: 2.7%
1113;Красноглинский;Камышлинская;197;97.97;Боброва: 17.6%, Маркаров: 6.7%, Меньших: 4.2%, Портнягин: 61.1%, Сазонов: 9.8%
1114;Красноглинский;Камышлинская;98;100.00;Боброва: 14.3%, Маркаров: 4.1%, Меньших: 5.1%, Портнягин: 70.4%, Сазонов: 5.1%
1401;Красноглинский;Клявлинская;496;91.53;Боброва: 4.2%, Маркаров: 2.9%, Меньших: 1.1%, Портнягин: 84.4%, Сазонов: 4.6%
1402;Красноглинский;Клявлинская;332;96.08;Боброва: 1.2%, Маркаров: 2.8%, Меньших: 2.2%, Портнягин: 92.2%, Сазонов: 0.9%
1403;Красноглинский;Клявлинская;1305;96.63;Боброва: 1.1%, Маркаров: 0.4%, Меньших: 0.5%, Портнягин: 97.8%, Сазонов: 0.2%
1404;Красноглинский;Клявлинская;1095;97.63;Боброва: 6.5%, Маркаров: 1.5%, Меньших: 1.4%, Портнягин: 86.3%, Сазонов: 3.4%
1405;Красноглинский;Клявлинская;1132;91.96;Боброва: 5.1%, Маркаров: 1.9%, Меньших: 3.1%, Портнягин: 86.9%, Сазонов: 2.8%
1406;Красноглинский;Клявлинская;1380;96.88;Боброва: 5.8%, Маркаров: 3.7%, Меньших: 3.0%, Портнягин: 82.6%, Сазонов: 3.2%
1407;Красноглинский;Клявлинская;368;93.75;Боброва: 2.9%, Маркаров: 3.2%, Меньших: 2.6%, Портнягин: 87.0%, Сазонов: 4.3%
1408;Красноглинский;Клявлинская;188;94.15;Боброва: 3.4%, Маркаров: 4.0%, Меньших: 3.4%, Портнягин: 85.9%, Сазонов: 3.4%
1409;Красноглинский;Клявлинская;156;94.87;Боброва: 4.0%, Маркаров: 3.4%, Меньших: 5.4%, Портнягин: 84.5%, Сазонов: 2.7%
1410;Красноглинский;Клявлинская;177;97.18;Боброва: 8.7%, Маркаров: 0.6%, Меньших: 2.9%, Портнягин: 86.0%, Сазонов: 1.7%
1411;Красноглинский;Клявлинская;299;94.98;Боброва: 2.1%, Маркаров: 2.1%, Меньших: 1.1%, Портнягин: 91.2%, Сазонов: 3.5%
1412;Красноглинский;Клявлинская;155;93.55;Боброва: 4.1%, Маркаров: 3.5%, Меньших: 0.0%, Портнягин: 86.9%, Сазонов: 5.5%
1413;Красноглинский;Клявлинская;101;92.08;Боброва: 6.5%, Маркаров: 2.1%, Меньших: 0.0%, Портнягин: 83.9%, Сазонов: 7.5%
1414;Красноглинский;Клявлинская;301;94.35;Боброва: 7.0%, Маркаров: 1.8%, Меньших: 2.5%, Портнягин: 85.9%, Сазонов: 2.1%
1415;Красноглинский;Клявлинская;409;92.67;Боброва: 6.9%, Маркаров: 0.5%, Меньших: 1.3%, Портнягин: 85.5%, Сазонов: 5.5%
1416;Красноглинский;Клявлинская;309;96.12;Боброва: 8.4%, Маркаров: 1.0%, Меньших: 3.4%, Портнягин: 84.8%, Сазонов: 2.4%
1417;Красноглинский;Клявлинская;203;91.13;Боброва: 5.4%, Маркаров: 2.2%, Меньших: 2.7%, Портнягин: 83.2%, Сазонов: 6.5%
1418;Красноглинский;Клявлинская;223;91.03;Боброва: 5.4%, Маркаров: 0.5%, Меньших: 0.5%, Портнягин: 91.1%, Сазонов: 0.5%
1419;Красноглинский;Клявлинская;143;91.61;Боброва: 3.8%, Маркаров: 1.5%, Меньших: 0.8%, Портнягин: 91.6%, Сазонов: 0.8%
1420;Красноглинский;Клявлинская;153;91.50;Боброва: 5.0%, Маркаров: 2.9%, Меньших: 2.1%, Портнягин: 83.6%, Сазонов: 5.7%
1421;Красноглинский;Клявлинская;291;93.13;Боброва: 5.9%, Маркаров: 3.3%, Меньших: 2.6%, Портнягин: 83.8%, Сазонов: 4.4%
1422;Красноглинский;Клявлинская;125;93.60;Боброва: 6.8%, Маркаров: 0.8%, Меньших: 0.8%, Портнягин: 88.9%, Сазонов: 2.6%
1423;Красноглинский;Клявлинская;118;94.92;Боброва: 4.5%, Маркаров: 3.6%, Меньших: 3.6%, Портнягин: 87.5%, Сазонов: 0.9%
1501;Красноглинский;Кошкинская;1495;98.06;Боброва: 16.2%, Маркаров: 8.8%, Меньших: 6.3%, Портнягин: 61.3%, Сазонов: 5.1%
1502;Красноглинский;Кошкинская;853;99.06;Боброва: 5.8%, Маркаров: 0.4%, Меньших: 1.2%, Портнягин: 90.3%, Сазонов: 2.4%
1503;Красноглинский;Кошкинская;1142;94.05;Боброва: 9.0%, Маркаров: 1.0%, Меньших: 0.7%, Портнягин: 85.3%, Сазонов: 0.7%
1504;Красноглинский;Кошкинская;765;98.82;Боброва: 5.7%, Маркаров: 0.4%, Меньших: 0.4%, Портнягин: 85.0%, Сазонов: 0.9%
1505;Красноглинский;Кошкинская;1210;97.77;Боброва: 9.3%, Маркаров: 2.0%, Меньших: 3.5%, Портнягин: 80.1%, Сазонов: 5.0%
1506;Красноглинский;Кошкинская;924;98.70;Боброва: 3.6%, Маркаров: 1.3%, Меньших: 1.0%, Портнягин: 93.0%, Сазонов: 1.1%
1507;Красноглинский;Кошкинская;798;98.75;Боброва: 10.7%, Маркаров: 3.9%, Меньших: 0.0%, Портнягин: 83.1%, Сазонов: 0.0%
1508;Красноглинский;Кошкинская;182;98.35;Боброва: 5.0%, Маркаров: 2.8%, Меньших: 1.1%, Портнягин: 89.4%, Сазонов: 1.7%
1509;Красноглинский;Кошкинская;533;98.50;Боброва: 3.4%, Маркаров: 1.7%, Меньших: 0.4%, Портнягин: 92.0%, Сазонов: 2.5%
1510;Красноглинский;Кошкинская;228;98.25;Боброва: 0.0%, Маркаров: 1.8%, Меньших: 0.9%, Портнягин: 84.8%, Сазонов: 0.0%
1511;Красноглинский;Кошкинская;322;99.38;Боброва: 6.9%, Маркаров: 0.3%, Меньших: 0.3%, Портнягин: 92.2%, Сазонов: 0.3%
1512;Красноглинский;Кошкинская;310;98.71;Боброва: 7.8%, Маркаров: 0.0%, Меньших: 0.0%, Портнягин: 92.2%, Сазонов: 0.0%
1513;Красноглинский;Кошкинская;395;98.48;Боброва: 3.1%, Маркаров: 1.3%, Меньших: 1.5%, Портнягин: 87.9%, Сазонов: 2.8%
1514;Красноглинский;Кошкинская;145;97.93;Боброва: 6.3%, Маркаров: 0.0%, Меньших: 0.7%, Портнягин: 88.0%, Сазонов: 4.9%
1515;Красноглинский;Кошкинская;193;98.96;Боброва: 3.1%, Маркаров: 1.6%, Меньших: 0.5%, Портнягин: 92.7%, Сазонов: 2.1%
1516;Красноглинский;Кошкинская;106;96.23;Боброва: 22.6%, Маркаров: 2.9%, Меньших: 12.8%, Портнягин: 56.9%, Сазонов: 3.9%
1517;Красноглинский;Кошкинская;196;98.47;Боброва: 4.7%, Маркаров: 1.0%, Меньших: 1.0%, Портнягин: 91.7%, Сазонов: 1.0%
1518;Красноглинский;Кошкинская;249;97.99;Боброва: 8.6%, Маркаров: 3.7%, Меньших: 4.1%, Портнягин: 79.1%, Сазонов: 4.5%
1519;Красноглинский;Кошкинская;205;98.54;Боброва: 5.5%, Маркаров: 1.0%, Меньших: 1.0%, Портнягин: 92.1%, Сазонов: 0.5%
1520;Красноглинский;Кошкинская;139;98.56;Боброва: 0.7%, Маркаров: 2.9%, Меньших: 2.2%, Портнягин: 93.4%, Сазонов: 0.7%
1521;Красноглинский;Кошкинская;122;98.36;Боброва: 5.0%, Маркаров: 0.8%, Меньших: 0.8%, Портнягин: 93.3%, Сазонов: 0.0%
1522;Красноглинский;Кошкинская;230;99.57;Боброва: 4.4%, Маркаров: 3.9%, Меньших: 3.1%, Портнягин: 88.2%, Сазонов: 0.4%
1523;Красноглинский;Кошкинская;295;100.00;Боброва: 3.7%, Маркаров: 3.4%, Меньших: 4.1%, Портнягин: 85.1%, Сазонов: 3.7%
1524;Красноглинский;Кошкинская;353;98.87;Боброва: 5.7%, Маркаров: 1.4%, Меньших: 2.9%, Портнягин: 87.1%, Сазонов: 2.9%
1525;Красноглинский;Кошкинская;145;96.55;Боброва: 3.6%, Маркаров: 1.4%, Меньших: 2.1%, Портнягин: 87.1%, Сазонов: 2.1%
1526;Красноглинский;Кошкинская;447;99.55;Боброва: 1.6%, Маркаров: 0.9%, Меньших: 0.5%, Портнягин: 96.6%, Сазонов: 0.5%
1527;Красноглинский;Кошкинская;108;91.67;Боброва: 7.1%, Маркаров: 5.0%, Меньших: 3.0%, Портнягин: 77.8%, Сазонов: 2.0%
1528;Красноглинский;Кошкинская;188;100.00;Боброва: 22.3%, Маркаров: 12.2%, Меньших: 6.4%, Портнягин: 47.3%, Сазонов: 5.3%
1529;Красноглинский;Кошкинская;140;100.00;Боброва: 22.9%, Маркаров: 8.6%, Меньших: 5.0%, Портнягин: 50.0%, Сазонов: 7.9%
1530;Красноглинский;Кошкинская;92;79.35;Боброва: 26.0%, Маркаров: 6.8%, Меньших: 9.6%, Портнягин: 49.3%, Сазонов: 5.5%
1531;Красноглинский;Кошкинская;249;98.80;Боброва: 4.9%, Маркаров: 0.4%, Меньших: 1.2%, Портнягин: 93.1%, Сазонов: 0.4%
1532;Красноглинский;Кошкинская;126;98.41;Боброва: 8.1%, Маркаров: 0.0%, Меньших: 0.0%, Портнягин: 90.3%, Сазонов: 0.0%
1533;Красноглинский;Кошкинская;122;97.54;Боброва: 6.7%, Маркаров: 3.4%, Меньших: 2.5%, Портнягин: 84.9%, Сазонов: 2.5%
1534;Красноглинский;Кошкинская;158;98.73;Боброва: 5.8%, Маркаров: 0.0%, Меньших: 0.0%, Портнягин: 93.6%, Сазонов: 0.0%
1535;Красноглинский;Кошкинская;298;98.66;Боброва: 6.5%, Маркаров: 0.3%, Меньших: 0.7%, Портнягин: 92.2%, Сазонов: 0.3%
1701;Красноглинский;Красноярская;779;80.62;Боброва: 7.3%, Маркаров: 6.7%, Меньших: 1.3%, Портнягин: 81.5%, Сазонов: 1.4%
1702;Красноглинский;Красноярская;706;76.63;Боброва: 5.7%, Маркаров: 7.8%, Меньших: 1.5%, Портнягин: 81.7%, Сазонов: 1.7%
1703;Красноглинский;Красноярская;400;81.00;Боброва: 4.3%, Маркаров: 4.9%, Меньших: 1.5%, Портнягин: 84.9%, Сазонов: 2.8%
1704;Красноглинский;Красноярская;1782;75.25;Боброва: 19.3%, Маркаров: 6.2%, Меньших: 4.5%, Портнягин: 56.7%, Сазонов: 5.2%
1705;Красноглинский;Красноярская;2739;63.96;Боброва: 17.1%, Маркаров: 9.9%, Меньших: 6.4%, Портнягин: 55.5%, Сазонов: 6.7%
1706;Красноглинский;Красноярская;764;68.06;Боброва: 26.7%, Маркаров: 9.0%, Меньших: 8.5%, Портнягин: 44.4%, Сазонов: 9.6%
1707;Красноглинский;Красноярская;275;65.45;Боброва: 35.6%, Маркаров: 8.9%, Меньших: 7.2%, Портнягин: 35.6%, Сазонов: 5.6%
1708;Красноглинский;Красноярская;1297;91.21;Боброва: 2.8%, Маркаров: 1.7%, Меньших: 4.9%, Портнягин: 88.2%, Сазонов: 1.8%
1709;Красноглинский;Красноярская;1941;93.61;Боброва: 2.7%, Маркаров: 2.1%, Меньших: 6.6%, Портнягин: 86.3%, Сазонов: 1.4%
1710;Красноглинский;Красноярская;2526;91.41;Боброва: 3.2%, Маркаров: 3.1%, Меньших: 6.7%, Портнягин: 84.5%, Сазонов: 1.8%
1711;Красноглинский;Красноярская;2747;48.53;Боброва: 28.1%, Маркаров: 15.8%, Меньших: 11.6%, Портнягин: 28.3%, Сазонов: 8.9%
1712;Красноглинский;Красноярская;1000;93.70;Боброва: 2.8%, Маркаров: 1.6%, Меньших: 4.8%, Портнягин: 88.9%, Сазонов: 1.3%
1713;Красноглинский;Красноярская;659;93.32;Боброва: 4.9%, Маркаров: 1.5%, Меньших: 6.8%, Портнягин: 83.4%, Сазонов: 2.6%
1714;Красноглинский;Красноярская;1612;86.97;Боброва: 5.8%, Маркаров: 5.8%, Меньших: 3.0%, Портнягин: 83.2%, Сазонов: 0.7%
1715;Красноглинский;Красноярская;1927;90.81;Боброва: 4.7%, Маркаров: 3.7%, Меньших: 1.4%, Портнягин: 86.5%, Сазонов: 2.5%
1716;Красноглинский;Красноярская;1421;66.85;Боброва: 18.0%, Маркаров: 8.8%, Меньших: 7.2%, Портнягин: 54.3%, Сазонов: 7.7%
1717;Красноглинский;Красноярская;1538;97.27;Боброва: 0.4%, Маркаров: 1.3%, Меньших: 0.3%, Портнягин: 97.1%, Сазонов: 0.7%
1718;Красноглинский;Красноярская;1834;97.87;Боброва: 0.3%, Маркаров: 1.2%, Меньших: 0.2%, Портнягин: 97.9%, Сазонов: 0.2%
1719;Красноглинский;Красноярская;1189;92.35;Боброва: 1.8%, Маркаров: 3.6%, Меньших: 0.6%, Портнягин: 93.0%, Сазонов: 0.7%
1720;Красноглинский;Красноярская;2004;99.35;Боброва: 0.8%, Маркаров: 1.4%, Меньших: 0.1%, Портнягин: 97.0%, Сазонов: 0.4%
1721;Красноглинский;Красноярская;1331;97.22;Боброва: 0.6%, Маркаров: 1.2%, Меньших: 0.2%, Портнягин: 97.1%, Сазонов: 0.6%
1722;Красноглинский;Красноярская;501;97.41;Боброва: 0.8%, Маркаров: 2.7%, Меньших: 0.6%, Портнягин: 93.8%, Сазонов: 1.6%
1723;Красноглинский;Красноярская;380;99.47;Боброва: 0.8%, Маркаров: 2.9%, Меньших: 0.3%, Портнягин: 94.4%, Сазонов: 1.3%
1724;Красноглинский;Красноярская;850;87.88;Боброва: 2.0%, Маркаров: 3.5%, Меньших: 0.8%, Портнягин: 91.4%, Сазонов: 1.2%
1725;Красноглинский;Красноярская;833;86.67;Боброва: 3.3%, Маркаров: 3.9%, Меньших: 1.2%, Портнягин: 87.1%, Сазонов: 1.8%
1726;Красноглинский;Красноярская;297;92.93;Боброва: 1.4%, Маркаров: 2.9%, Меньших: 1.1%, Портнягин: 92.0%, Сазонов: 0.7%
1727;Красноглинский;Красноярская;622;89.55;Боброва: 10.6%, Маркаров: 4.1%, Меньших: 2.5%, Портнягин: 74.2%, Сазонов: 3.2%
1728;Красноглинский;Красноярская;192;91.67;Боброва: 2.3%, Маркаров: 1.1%, Меньших: 0.6%, Портнягин: 92.0%, Сазонов: 2.3%
1729;Красноглинский;Красноярская;1251;87.61;Боброва: 3.0%, Маркаров: 1.3%, Меньших: 1.6%, Портнягин: 89.5%, Сазонов: 1.7%
1730;Красноглинский;Красноярская;412;85.92;Боброва: 5.1%, Маркаров: 4.5%, Меньших: 2.5%, Портнягин: 82.2%, Сазонов: 4.5%
1731;Красноглинский;Красноярская;1080;90.46;Боброва: 5.3%, Маркаров: 3.5%, Меньших: 2.9%, Портнягин: 81.2%, Сазонов: 5.0%
1732;Красноглинский;Красноярская;384;94.01;Боброва: 8.6%, Маркаров: 3.3%, Меньших: 4.7%, Портнягин: 81.4%, Сазонов: 1.9%
1733;Красноглинский;Красноярская;1077;83.57;Боброва: 5.8%, Маркаров: 3.8%, Меньших: 3.1%, Портнягин: 77.7%, Сазонов: 5.4%
1734;Красноглинский;Красноярская;460;55.65;Боброва: 23.4%, Маркаров: 14.1%, Меньших: 14.1%, Портнягин: 29.7%, Сазонов: 9.4%
1735;Красноглинский;Красноярская;505;82.77;Боброва: 2.9%, Маркаров: 3.6%, Меньших: 7.4%, Портнягин: 81.8%, Сазонов: 3.8%
1736;Красноглинский;Красноярская;638;77.90;Боброва: 16.3%, Маркаров: 5.0%, Меньших: 3.6%, Портнягин: 63.6%, Сазонов: 7.2%
1737;Красноглинский;Красноярская;615;70.73;Боброва: 23.9%, Маркаров: 9.4%, Меньших: 5.5%, Портнягин: 52.6%, Сазонов: 5.5%
1738;Красноглинский;Красноярская;290;78.97;Боброва: 26.2%, Маркаров: 10.0%, Меньших: 7.4%, Портнягин: 42.4%, Сазонов: 10.0%
1739;Красноглинский;Красноярская;413;79.18;Боброва: 5.5%, Маркаров: 4.9%, Меньших: 2.8%, Портнягин: 80.7%, Сазонов: 4.9%
1740;Красноглинский;Красноярская;137;70.80;Боброва: 2.1%, Маркаров: 3.1%, Меньших: 2.1%, Портнягин: 88.7%, Сазонов: 2.1%
1741;Красноглинский;Красноярская;432;77.55;Боброва: 3.6%, Маркаров: 3.3%, Меньших: 2.4%, Портнягин: 86.3%, Сазонов: 3.3%
1742;Красноглинский;Красноярская;260;65.00;Боброва: 28.4%, Маркаров: 13.0%, Меньших: 9.5%, Портнягин: 37.9%, Сазонов: 5.9%
1743;Красноглинский;Красноярская;139;59.71;Боброва: 4.8%, Маркаров: 1.2%, Меньших: 2.4%, Портнягин: 84.3%, Сазонов: 2.4%
1744;Красноглинский;Красноярская;441;80.50;Боброва: 15.8%, Маркаров: 9.0%, Меньших: 5.3%, Портнягин: 57.8%, Сазонов: 8.7%
1745;Красноглинский;Красноярская;239;85.36;Боброва: 5.4%, Маркаров: 5.9%, Меньших: 6.9%, Портнягин: 71.6%, Сазонов: 10.3%
4701;Красноглинский;Похвистневская;1143;98.08;Боброва: 3.1%, Маркаров: 1.5%, Меньших: 1.2%, Портнягин: 90.0%, Сазонов: 4.1%
4702;Красноглинский;Похвистневская;149;99.33;Боброва: 0.0%, Маркаров: 0.0%, Меньших: 0.0%, Портнягин: 98.7%, Сазонов: 0.0%
4703;Красноглинский;Похвистневская;883;98.75;Боброва: 4.7%, Маркаров: 0.1%, Меньших: 0.1%, Портнягин: 91.5%, Сазонов: 3.6%
4704;Красноглинский;Похвистневская;409;98.53;Боброва: 2.0%, Маркаров: 0.0%, Меньших: 1.0%, Портнягин: 96.5%, Сазонов: 0.5%
4705;Красноглинский;Похвистневская;245;98.78;Боброва: 2.5%, Маркаров: 0.8%, Меньших: 1.6%, Портнягин: 93.4%, Сазонов: 1.6%
4706;Красноглинский;Похвистневская;534;96.63;Боброва: 8.3%, Маркаров: 3.1%, Меньших: 2.1%, Портнягин: 83.7%, Сазонов: 1.9%
4707;Красноглинский;Похвистневская;276;84.78;Боброва: 7.3%, Маркаров: 0.8%, Меньших: 1.3%, Портнягин: 88.0%, Сазонов: 1.3%
4709;Красноглинский;Похвистневская;605;98.02;Боброва: 10.6%, Маркаров: 0.2%, Меньших: 0.5%, Портнягин: 88.0%, Сазонов: 0.7%
4710;Красноглинский;Похвистневская;101;95.05;Боброва: 25.0%, Маркаров: 0.0%, Меньших: 0.0%, Портнягин: 75.0%, Сазонов: 0.0%
4711;Красноглинский;Похвистневская;843;94.90;Боброва: 4.9%, Маркаров: 2.1%, Меньших: 2.5%, Портнягин: 85.0%, Сазонов: 4.9%
4712;Красноглинский;Похвистневская;842;98.81;Боброва: 3.2%, Маркаров: 0.4%, Меньших: 0.6%, Портнягин: 95.4%, Сазонов: 0.4%
4713;Красноглинский;Похвистневская;411;98.78;Боброва: 0.7%, Маркаров: 1.0%, Меньших: 0.5%, Портнягин: 97.3%, Сазонов: 0.5%
4714;Красноглинский;Похвистневская;642;98.91;Боброва: 1.3%, Маркаров: 0.2%, Меньших: 0.0%, Портнягин: 98.0%, Сазонов: 0.6%
4715;Красноглинский;Похвистневская;155;97.42;Боброва: 0.7%, Маркаров: 0.7%, Меньших: 0.0%, Портнягин: 98.0%, Сазонов: 0.7%
4716;Красноглинский;Похвистневская;1901;96.79;Боброва: 10.5%, Маркаров: 3.3%, Меньших: 3.1%, Портнягин: 77.3%, Сазонов: 4.6%
4717;Красноглинский;Похвистневская;316;96.84;Боброва: 8.2%, Маркаров: 1.6%, Меньших: 1.0%, Портнягин: 88.6%, Сазонов: 0.7%
4718;Красноглинский;Похвистневская;669;96.86;Боброва: 0.5%, Маркаров: 0.3%, Меньших: 0.6%, Портнягин: 98.3%, Сазонов: 0.3%
4719;Красноглинский;Похвистневская;315;98.10;Боброва: 3.9%, Маркаров: 1.0%, Меньших: 1.3%, Портнягин: 91.6%, Сазонов: 1.6%
4720;Красноглинский;Похвистневская;1528;95.03;Боброва: 4.2%, Маркаров: 2.8%, Меньших: 2.9%, Портнягин: 88.8%, Сазонов: 1.2%
4721;Красноглинский;Похвистневская;169;98.82;Боброва: 1.2%, Маркаров: 0.6%, Меньших: 1.2%, Портнягин: 95.2%, Сазонов: 1.8%
4722;Красноглинский;Похвистневская;839;92.97;Боброва: 5.6%, Маркаров: 1.0%, Меньших: 1.3%, Портнягин: 89.0%, Сазонов: 2.7%
4723;Красноглинский;Похвистневская;440;97.95;Боброва: 13.0%, Маркаров: 1.2%, Меньших: 3.9%, Портнягин: 80.3%, Сазонов: 1.6%
4724;Красноглинский;Похвистневская;408;93.63;Боброва: 3.7%, Маркаров: 5.5%, Меньших: 3.9%, Портнягин: 81.9%, Сазонов: 5.0%
4725;Красноглинский;Похвистневская;1285;97.43;Боброва: 4.9%, Маркаров: 0.8%, Меньших: 2.3%, Портнягин: 90.2%, Сазонов: 1.8%
4726;Красноглинский;Похвистневская;458;96.94;Боброва: 5.6%, Маркаров: 0.7%, Меньших: 5.4%, Портнягин: 84.9%, Сазонов: 3.4%
4727;Красноглинский;Похвистневская;337;98.81;Боброва: 0.6%, Маркаров: 0.9%, Меньших: 3.0%, Портнягин: 93.1%, Сазонов: 2.4%
4728;Красноглинский;Похвистневская;990;94.85;Боброва: 6.8%, Маркаров: 3.6%, Меньших: 2.2%, Портнягин: 83.5%, Сазонов: 3.2%
2301;Красноглинский;Похвистневская городская;1143;66.93;Боброва: 22.9%, Маркаров: 8.8%, Меньших: 9.2%, Портнягин: 42.9%, Сазонов: 7.8%
2302;Красноглинский;Похвистневская городская;2086;74.64;Боброва: 11.9%, Маркаров: 6.4%, Меньших: 6.0%, Портнягин: 62.9%, Сазонов: 6.9%
2303;Красноглинский;Похвистневская городская;1105;78.64;Боброва: 9.4%, Маркаров: 6.8%, Меньших: 13.6%, Портнягин: 64.6%, Сазонов: 5.2%
2304;Красноглинский;Похвистневская городская;1136;70.07;Боброва: 9.1%, Маркаров: 5.8%, Меньших: 2.4%, Портнягин: 77.8%, Сазонов: 3.0%
2305;Красноглинский;Похвистневская городская;1126;68.38;Боброва: 20.8%, Маркаров: 11.4%, Меньших: 7.8%, Портнягин: 49.2%, Сазонов: 7.3%
2306;Красноглинский;Похвистневская городская;2071;75.95;Боброва: 9.0%, Маркаров: 3.2%, Меньших: 9.9%, Портнягин: 70.1%, Сазонов: 5.6%
2307;Красноглинский;Похвистневская городская;2279;71.22;Боброва: 16.8%, Маркаров: 7.7%, Меньших: 6.0%, Портнягин: 61.8%, Сазонов: 5.2%
2308;Красноглинский;Похвистневская городская;1164;73.37;Боброва: 19.3%, Маркаров: 6.7%, Меньших: 6.3%, Портнягин: 60.7%, Сазонов: 2.6%
2309;Красноглинский;Похвистневская городская;1070;75.23;Боброва: 15.7%, Маркаров: 7.2%, Меньших: 9.1%, Портнягин: 57.6%, Сазонов: 8.1%
2310;Красноглинский;Похвистневская городская;1114;75.58;Боброва: 12.1%, Маркаров: 6.3%, Меньших: 17.9%, Портнягин: 58.5%, Сазонов: 3.8%
2311;Красноглинский;Похвистневская городская;965;77.41;Боброва: 18.2%, Маркаров: 9.2%, Меньших: 11.9%, Портнягин: 52.6%, Сазонов: 5.5%
2312;Красноглинский;Похвистневская городская;556;86.15;Боброва: 10.7%, Маркаров: 7.9%, Меньших: 5.6%, Портнягин: 63.5%, Сазонов: 8.1%
2313;Красноглинский;Похвистневская городская;580;95.52;Боброва: 10.3%, Маркаров: 5.6%, Меньших: 4.5%, Портнягин: 72.2%, Сазонов: 4.7%
2314;Красноглинский;Похвистневская городская;543;73.48;Боброва: 15.3%, Маркаров: 8.3%, Меньших: 6.8%, Портнягин: 63.9%, Сазонов: 5.8%
2315;Красноглинский;Похвистневская городская;570;75.61;Боброва: 13.9%, Маркаров: 3.5%, Меньших: 3.9%, Портнягин: 71.0%, Сазонов: 7.0%
2601;Красноглинский;Самара, Кировская;1565;25.81;Боброва: 14.4%, Маркаров: 8.2%, Меньших: 3.7%, Портнягин: 69.8%, Сазонов: 2.2%
2602;Красноглинский;Самара, Кировская;2607;27.23;Боброва: 20.0%, Маркаров: 5.9%, Меньших: 5.6%, Портнягин: 29.0%, Сазонов: 3.8%
2603;Красноглинский;Самара, Кировская;2576;21.82;Боброва: 31.9%, Маркаров: 14.1%, Меньших: 11.0%, Портнягин: 27.2%, Сазонов: 8.7%
2604;Красноглинский;Самара, Кировская;1888;29.50;Боброва: 35.7%, Маркаров: 13.1%, Меньших: 12.0%, Портнягин: 24.6%, Сазонов: 7.0%
2605;Красноглинский;Самара, Кировская;2692;27.41;Боброва: 31.7%, Маркаров: 13.8%, Меньших: 12.3%, Портнягин: 28.7%, Сазонов: 6.5%
2606;Красноглинский;Самара, Кировская;1957;22.28;Боброва: 37.8%, Маркаров: 11.7%, Меньших: 10.8%, Портнягин: 25.7%, Сазонов: 6.2%
2607;Красноглинский;Самара, Кировская;2410;28.34;Боброва: 37.1%, Маркаров: 14.5%, Меньших: 10.9%, Портнягин: 21.4%, Сазонов: 8.2%
2608;Красноглинский;Самара, Кировская;2418;20.84;Боброва: 36.3%, Маркаров: 14.3%, Меньших: 12.1%, Портнягин: 18.2%, Сазонов: 6.8%
2609;Красноглинский;Самара, Кировская;1666;29.53;Боброва: 14.2%, Маркаров: 4.9%, Меньших: 5.7%, Портнягин: 67.3%, Сазонов: 2.4%
2610;Красноглинский;Самара, Кировская;2345;26.65;Боброва: 14.4%, Маркаров: 7.4%, Меньших: 2.8%, Портнягин: 67.4%, Сазонов: 3.2%
2611;Красноглинский;Самара, Кировская;2477;30.80;Боброва: 37.5%, Маркаров: 15.5%, Меньших: 11.7%, Портнягин: 22.0%, Сазонов: 8.7%
2612;Красноглинский;Самара, Кировская;2098;34.46;Боброва: 34.8%, Маркаров: 16.6%, Меньших: 12.4%, Портнягин: 23.4%, Сазонов: 5.8%
2613;Красноглинский;Самара, Кировская;1798;36.65;Боброва: 17.4%, Маркаров: 7.1%, Меньших: 7.4%, Портнягин: 58.3%, Сазонов: 4.9%
2614;Красноглинский;Самара, Кировская;880;33.41;Боброва: 35.4%, Маркаров: 16.0%, Меньших: 10.9%, Портнягин: 24.5%, Сазонов: 8.2%
2615;Красноглинский;Самара, Кировская;2091;33.86;Боброва: 31.2%, Маркаров: 13.0%, Меньших: 9.9%, Портнягин: 35.6%, Сазонов: 2.5%
2616;Красноглинский;Самара, Кировская;1541;35.50;Боброва: 36.0%, Маркаров: 15.9%, Меньших: 12.2%, Портнягин: 22.5%, Сазонов: 7.3%
2617;Красноглинский;Самара, Кировская;1760;40.85;Боброва: 38.6%, Маркаров: 11.9%, Меньших: 11.5%, Портнягин: 21.7%, Сазонов: 6.6%
2618;Красноглинский;Самара, Кировская;1808;33.13;Боброва: 41.2%, Маркаров: 12.0%, Меньших: 11.0%, Портнягин: 23.0%, Сазонов: 7.2%
2619;Красноглинский;Самара, Кировская;1652;33.23;Боброва: 32.8%, Маркаров: 12.0%, Меньших: 12.6%, Портнягин: 26.6%, Сазонов: 8.7%
2620;Красноглинский;Самара, Кировская;2524;41.24;Боброва: 14.7%, Маркаров: 4.1%, Меньших: 3.3%, Портнягин: 74.5%, Сазонов: 2.3%
2621;Красноглинский;Самара, Кировская;1942;37.69;Боброва: 34.8%, Маркаров: 18.3%, Меньших: 13.9%, Портнягин: 23.2%, Сазонов: 9.7%
2622;Красноглинский;Самара, Кировская;1687;31.89;Боброва: 18.1%, Маркаров: 6.7%, Меньших: 3.4%, Портнягин: 68.0%, Сазонов: 1.5%
2623;Красноглинский;Самара, Кировская;1267;27.86;Боброва: 31.4%, Маркаров: 21.0%, Меньших: 9.6%, Портнягин: 22.4%, Сазонов: 8.2%
2624;Красноглинский;Самара, Кировская;1621;26.71;Боброва: 15.2%, Маркаров: 6.2%, Меньших: 3.2%, Портнягин: 69.5%, Сазонов: 3.2%
2625;Красноглинский;Самара, Кировская;2738;33.49;Боброва: 15.7%, Маркаров: 5.3%, Меньших: 4.1%, Портнягин: 72.3%, Сазонов: 1.4%
2626;Красноглинский;Самара, Кировская;1831;38.45;Боброва: 36.6%, Маркаров: 15.6%, Меньших: 11.7%, Портнягин: 24.9%, Сазонов: 7.2%
2627;Красноглинский;Самара, Кировская;1814;35.28;Боброва: 18.1%, Маркаров: 5.8%, Меньших: 1.9%, Портнягин: 68.6%, Сазонов: 3.0%
2628;Красноглинский;Самара, Кировская;2200;29.55;Боброва: 18.1%, Маркаров: 5.2%, Меньших: 4.9%, Портнягин: 68.2%, Сазонов: 1.5%
2629;Красноглинский;Самара, Кировская;2006;30.86;Боброва: 14.9%, Маркаров: 4.4%, Меньших: 5.5%, Портнягин: 71.6%, Сазонов: 2.4%
2630;Красноглинский;Самара, Кировская;1657;30.05;Боброва: 19.3%, Маркаров: 3.8%, Меньших: 3.0%, Портнягин: 69.5%, Сазонов: 1.6%
2631;Красноглинский;Самара, Кировская;1686;33.27;Боброва: 37.1%, Маркаров: 15.0%, Меньших: 9.3%, Портнягин: 25.0%, Сазонов: 7.1%
2632;Красноглинский;Самара, Кировская;2047;37.37;Боброва: 34.6%, Маркаров: 11.9%, Меньших: 11.5%, Портнягин: 26.3%, Сазонов: 8.1%
2633;Красноглинский;Самара, Кировская;2298;34.46;Боброва: 16.3%, Маркаров: 4.9%, Меньших: 5.0%, Портнягин: 69.3%, Сазонов: 2.0%
2634;Красноглинский;Самара, Кировская;1694;32.94;Боброва: 36.7%, Маркаров: 15.1%, Меньших: 11.1%, Портнягин: 21.9%, Сазонов: 10.6%
2635;Красноглинский;Самара, Кировская;2223;42.38;Боброва: 46.9%, Маркаров: 10.4%, Меньших: 8.8%, Портнягин: 24.6%, Сазонов: 6.7%
2636;Красноглинский;Самара, Кировская;2895;34.61;Боброва: 36.9%, Маркаров: 15.1%, Меньших: 12.2%, Портнягин: 25.2%, Сазонов: 6.1%
2637;Красноглинский;Самара, Кировская;1897;31.42;Боброва: 16.7%, Маркаров: 3.6%, Меньших: 4.1%, Портнягин: 71.8%, Сазонов: 1.2%
2638;Красноглинский;Самара, Кировская;1876;31.82;Боброва: 15.1%, Маркаров: 5.0%, Меньших: 2.0%, Портнягин: 73.4%, Сазонов: 2.0%
2639;Красноглинский;Самара, Кировская;2160;38.15;Боброва: 33.4%, Маркаров: 15.2%, Меньших: 13.2%, Портнягин: 25.7%, Сазонов: 5.6%
2640;Красноглинский;Самара, Кировская;2408;34.76;Боброва: 37.3%, Маркаров: 13.3%, Меньших: 12.1%, Портнягин: 26.1%, Сазонов: 5.4%
2641;Красноглинский;Самара, Кировская;1788;34.34;Боброва: 32.6%, Маркаров: 17.4%, Меньших: 12.4%, Портнягин: 25.1%, Сазонов: 7.2%
2642;Красноглинский;Самара, Кировская;1334;24.74;Боброва: 23.0%, Маркаров: 7.3%, Меньших: 5.5%, Портнягин: 59.7%, Сазонов: 2.4%
2643;Красноглинский;Самара, Кировская;2268;31.57;Боброва: 36.0%, Маркаров: 15.8%, Меньших: 10.9%, Портнягин: 25.4%, Сазонов: 6.6%
2644;Красноглинский;Самара, Кировская;1929;33.75;Боброва: 18.1%, Маркаров: 7.8%, Меньших: 2.9%, Портнягин: 66.2%, Сазонов: 4.9%
2645;Красноглинский;Самара, Кировская;2546;37.78;Боброва: 37.0%, Маркаров: 16.0%, Меньших: 12.4%, Портнягин: 27.0%, Сазонов: 7.6%
2646;Красноглинский;Самара, Кировская;1942;37.13;Боброва: 34.7%, Маркаров: 15.4%, Меньших: 11.5%, Портнягин: 25.2%, Сазонов: 7.1%
2647;Красноглинский;Самара, Кировская;2116;31.24;Боброва: 30.4%, Маркаров: 16.9%, Меньших: 13.9%, Портнягин: 26.0%, Сазонов: 6.5%
2648;Красноглинский;Самара, Кировская;1928;33.61;Боброва: 34.1%, Маркаров: 14.3%, Меньших: 11.3%, Портнягин: 25.6%, Сазонов: 5.7%
2649;Красноглинский;Самара, Кировская;2084;29.65;Боброва: 15.1%, Маркаров: 4.7%, Меньших: 5.2%, Портнягин: 69.6%, Сазонов: 2.1%
2650;Красноглинский;Самара, Кировская;898;30.40;Боброва: 35.5%, Маркаров: 15.4%, Меньших: 13.2%, Портнягин: 24.5%, Сазонов: 5.1%
2651;Красноглинский;Самара, Кировская;1467;31.70;Боброва: 17.0%, Маркаров: 8.0%, Меньших: 4.5%, Портнягин: 66.2%, Сазонов: 2.1%
2652;Красноглинский;Самара, Кировская;1566;31.93;Боброва: 33.2%, Маркаров: 17.0%, Меньших: 10.2%, Портнягин: 25.4%, Сазонов: 7.2%
2653;Красноглинский;Самара, Кировская;1674;38.95;Боброва: 29.4%, Маркаров: 19.2%, Меньших: 11.0%, Портнягин: 27.0%, Сазонов: 7.7%
2654;Красноглинский;Самара, Кировская;1448;31.91;Боброва: 36.0%, Маркаров: 16.1%, Меньших: 10.4%, Портнягин: 24.3%, Сазонов: 8.9%
2655;Красноглинский;Самара, Кировская;1579;34.01;Боброва: 14.2%, Маркаров: 6.7%, Меньших: 3.0%, Портнягин: 70.4%, Сазонов: 2.6%
2656;Красноглинский;Самара, Кировская;1599;40.15;Боброва: 31.5%, Маркаров: 19.3%, Меньших: 13.2%, Портнягин: 22.0%, Сазонов: 7.8%
2657;Красноглинский;Самара, Кировская;1771;36.42;Боброва: 24.2%, Маркаров: 7.6%, Меньших: 6.5%, Портнягин: 53.6%, Сазонов: 3.9%
2658;Красноглинский;Самара, Кировская;2721;37.27;Боброва: 22.3%, Маркаров: 9.0%, Меньших: 5.5%, Портнягин: 53.9%, Сазонов: 3.2%
2659;Красноглинский;Самара, Кировская;1545;35.34;Боброва: 35.4%, Маркаров: 17.0%, Меньших: 11.7%, Портнягин: 22.9%, Сазонов: 7.9%
2660;Красноглинский;Самара, Кировская;1422;29.18;Боброва: 32.8%, Маркаров: 17.1%, Меньших: 13.0%, Портнягин: 22.9%, Сазонов: 7.0%
2661;Красноглинский;Самара, Кировская;2418;47.81;Боброва: 31.0%, Маркаров: 17.2%, Меньших: 10.9%, Портнягин: 27.3%, Сазонов: 6.6%
2662;Красноглинский;Самара, Кировская;1544;30.83;Боброва: 33.0%, Маркаров: 15.1%, Меньших: 12.4%, Портнягин: 27.1%, Сазонов: 6.5%
2663;Красноглинский;Самара, Кировская;2038;33.66;Боброва: 38.8%, Маркаров: 17.4%, Меньших: 9.3%, Портнягин: 27.0%, Сазонов: 6.3%
2664;Красноглинский;Самара, Кировская;1805;35.01;Боброва: 16.0%, Маркаров: 8.1%, Меньших: 2.5%, Портнягин: 67.9%, Сазонов: 3.8%
2665;Красноглинский;Самара, Кировская;2177;34.13;Боброва: 14.3%, Маркаров: 6.5%, Меньших: 4.8%, Портнягин: 68.4%, Сазонов: 3.4%
2666;Красноглинский;Самара, Кировская;2238;31.46;Боброва: 23.3%, Маркаров: 11.5%, Меньших: 8.8%, Портнягин: 48.4%, Сазонов: 2.8%
2667;Красноглинский;Самара, Кировская;2044;38.70;Боброва: 16.6%, Маркаров: 7.0%, Меньших: 3.0%, Портнягин: 69.3%, Сазонов: 1.9%
2668;Красноглинский;Самара, Кировская;2143;33.55;Боброва: 32.7%, Маркаров: 8.8%, Меньших: 11.3%, Портнягин: 34.8%, Сазонов: 6.3%
2669;Красноглинский;Самара, Кировская;1392;38.15;Боброва: 28.6%, Маркаров: 16.0%, Меньших: 13.9%, Портнягин: 31.8%, Сазонов: 6.2%
2670;Красноглинский;Самара, Кировская;2379;36.86;Боброва: 35.0%, Маркаров: 14.7%, Меньших: 11.1%, Портнягин: 24.1%, Сазонов: 7.1%
2671;Красноглинский;Самара, Кировская;1981;35.23;Боброва: 26.1%, Маркаров: 14.2%, Меньших: 10.7%, Портнягин: 38.2%, Сазонов: 7.5%
2672;Красноглинский;Самара, Кировская;2108;34.20;Боброва: 12.1%, Маркаров: 5.1%, Меньших: 4.8%, Портнягин: 74.9%, Сазонов: 1.4%
2673;Красноглинский;Самара, Кировская;2093;30.24;Боброва: 30.3%, Маркаров: 14.7%, Меньших: 11.8%, Портнягин: 24.3%, Сазонов: 7.7%
2674;Красноглинский;Самара, Кировская;1898;33.77;Боброва: 29.9%, Маркаров: 15.0%, Меньших: 10.4%, Портнягин: 29.9%, Сазонов: 6.7%
2675;Красноглинский;Самара, Кировская;1915;31.59;Боброва: 14.7%, Маркаров: 6.3%, Меньших: 5.1%, Портнягин: 68.3%, Сазонов: 3.1%
2676;Красноглинский;Самара, Кировская;1959;37.47;Боброва: 13.5%, Маркаров: 8.6%, Меньших: 3.4%, Портнягин: 72.6%, Сазонов: 1.9%
2677;Красноглинский;Самара, Кировская;2352;37.12;Боброва: 28.5%, Маркаров: 15.3%, Меньших: 10.9%, Портнягин: 32.8%, Сазонов: 5.7%
2678;Красноглинский;Самара, Кировская;1389;30.24;Боброва: 34.3%, Маркаров: 16.6%, Меньших: 9.1%, Портнягин: 27.8%, Сазонов: 5.5%
2679;Красноглинский;Самара, Кировская;1907;34.50;Боброва: 16.9%, Маркаров: 5.8%, Меньших: 3.5%, Портнягин: 68.5%, Сазонов: 2.1%
2680;Красноглинский;Самара, Кировская;2268;36.46;Боброва: 34.6%, Маркаров: 16.9%, Меньших: 12.3%, Портнягин: 25.9%, Сазонов: 5.4%
2681;Красноглинский;Самара, Кировская;1983;35.70;Боброва: 31.9%, Маркаров: 14.3%, Меньших: 12.0%, Портнягин: 29.1%, Сазонов: 6.1%
2682;Красноглинский;Самара, Кировская;2078;29.36;Боброва: 19.8%, Маркаров: 9.0%, Меньших: 4.9%, Портнягин: 60.8%, Сазонов: 2.1%
2683;Красноглинский;Самара, Кировская;2893;25.51;Боброва: 32.4%, Маркаров: 20.9%, Меньших: 9.8%, Портнягин: 23.2%, Сазонов: 6.8%
2684;Красноглинский;Самара, Кировская;651;36.41;Боброва: 33.8%, Маркаров: 14.3%, Меньших: 12.2%, Портнягин: 25.7%, Сазонов: 8.9%
2685;Красноглинский;Самара, Кировская;2620;29.08;Боброва: 16.3%, Маркаров: 6.8%, Меньших: 4.6%, Портнягин: 66.9%, Сазонов: 2.9%
2686;Красноглинский;Самара, Кировская;466;37.77;Боброва: 24.4%, Маркаров: 18.2%, Меньших: 10.8%, Портнягин: 33.0%, Сазонов: 10.2%
2687;Красноглинский;Самара, Кировская;2058;36.64;Боброва: 18.6%, Маркаров: 7.8%, Меньших: 4.1%, Портнягин: 67.5%, Сазонов: 2.0%
2688;Красноглинский;Самара, Кировская;1724;20.42;Боброва: 16.3%, Маркаров: 11.8%, Меньших: 8.3%, Портнягин: 57.9%, Сазонов: 2.9%
2689;Красноглинский;Самара, Кировская;1836;16.61;Боброва: 18.4%, Маркаров: 10.8%, Меньших: 3.0%, Портнягин: 61.3%, Сазонов: 2.6%
2690;Красноглинский;Самара, Кировская;55;100.00;Боброва: 41.8%, Маркаров: 7.3%, Меньших: 9.1%, Портнягин: 20.0%, Сазонов: 12.7%
2691;Красноглинский;Самара, Кировская;98;27.55;Боброва: 55.6%, Маркаров: 7.4%, Меньших: 11.1%, Портнягин: 18.5%, Сазонов: 7.4%
2692;Красноглинский;Самара, Кировская;137;100.00;Боброва: 21.9%, Маркаров: 12.4%, Меньших: 17.5%, Портнягин: 34.3%, Сазонов: 10.2%
2701;Красноглинский;Самара, Красноглинская;1725;63.07;Боброва: 11.7%, Маркаров: 10.1%, Меньших: 8.9%, Портнягин: 63.3%, Сазонов: 6.0%
2702;Красноглинский;Самара, Красноглинская;1697;64.00;Боброва: 10.7%, Маркаров: 5.3%, Меньших: 5.8%, Портнягин: 64.9%, Сазонов: 13.3%
2703;Красноглинский;Самара, Красноглинская;1652;65.38;Боброва: 15.9%, Маркаров: 10.0%, Меньших: 6.9%, Портнягин: 61.9%, Сазонов: 5.3%
2704;Красноглинский;Самара, Красноглинская;2358;36.77;Боброва: 30.3%, Маркаров: 15.7%, Меньших: 13.0%, Портнягин: 27.9%, Сазонов: 5.7%
2705;Красноглинский;Самара, Красноглинская;1213;65.79;Боброва: 10.9%, Маркаров: 6.9%, Меньших: 8.7%, Портнягин: 68.7%, Сазонов: 4.9%
2706;Красноглинский;Самара, Красноглинская;2635;65.46;Боброва: 11.7%, Маркаров: 7.1%, Меньших: 5.3%, Портнягин: 67.0%, Сазонов: 8.9%
2707;Красноглинский;Самара, Красноглинская;2042;63.22;Боброва: 17.6%, Маркаров: 7.6%, Меньших: 6.0%, Портнягин: 64.4%, Сазонов: 4.4%
2708;Красноглинский;Самара, Красноглинская;1241;35.54;Боброва: 27.5%, Маркаров: 16.3%, Меньших: 13.5%, Портнягин: 27.5%, Сазонов: 6.9%
2709;Красноглинский;Самара, Красноглинская;1577;64.74;Боброва: 12.1%, Маркаров: 7.2%, Меньших: 5.7%, Портнягин: 65.0%, Сазонов: 10.0%
2710;Красноглинский;Самара, Красноглинская;1266;42.34;Боброва: 30.6%, Маркаров: 13.8%, Меньших: 11.0%, Портнягин: 31.2%, Сазонов: 7.7%
2711;Красноглинский;Самара, Красноглинская;1163;41.44;Боброва: 21.5%, Маркаров: 14.0%, Меньших: 11.7%, Портнягин: 38.8%, Сазонов: 8.8%
2712;Красноглинский;Самара, Красноглинская;1579;39.20;Боброва: 29.1%, Маркаров: 15.3%, Меньших: 12.8%, Портнягин: 26.8%, Сазонов: 8.7%
2713;Красноглинский;Самара, Красноглинская;1742;41.16;Боброва: 33.5%, Маркаров: 14.1%, Меньших: 9.8%, Портнягин: 28.2%, Сазонов: 8.0%
2714;Красноглинский;Самара, Красноглинская;243;100.00;Боброва: 11.9%, Маркаров: 6.6%, Меньших: 4.1%, Портнягин: 71.6%, Сазонов: 4.9%
2715;Красноглинский;Самара, Красноглинская;1699;33.14;Боброва: 27.9%, Маркаров: 15.4%, Меньших: 12.8%, Портнягин: 32.9%, Сазонов: 6.4%
2716;Красноглинский;Самара, Красноглинская;1913;65.87;Боброва: 13.7%, Маркаров: 7.1%, Меньших: 5.3%, Портнягин: 67.6%, Сазонов: 6.3%
2717;Красноглинский;Самара, Красноглинская;1756;65.95;Боброва: 12.0%, Маркаров: 10.0%, Меньших: 6.1%, Портнягин: 65.1%, Сазонов: 6.7%
2718;Красноглинский;Самара, Красноглинская;1370;56.35;Боброва: 8.4%, Маркаров: 1.3%, Меньших: 2.5%, Портнягин: 86.4%, Сазонов: 0.4%
2719;Красноглинский;Самара, Красноглинская;1710;65.79;Боброва: 17.1%, Маркаров: 6.4%, Меньших: 7.3%, Портнягин: 65.2%, Сазонов: 4.1%
2720;Красноглинский;Самара, Красноглинская;1719;63.29;Боброва: 14.0%, Маркаров: 7.0%, Меньших: 6.5%, Портнягин: 63.8%, Сазонов: 4.6%
2721;Красноглинский;Самара, Красноглинская;1583;38.85;Боброва: 25.9%, Маркаров: 15.8%, Меньших: 11.7%, Портнягин: 32.2%, Сазонов: 7.5%
2722;Красноглинский;Самара, Красноглинская;1577;61.95;Боброва: 19.3%, Маркаров: 4.8%, Меньших: 8.2%, Портнягин: 64.3%, Сазонов: 2.2%
2723;Красноглинский;Самара, Красноглинская;2108;69.12;Боброва: 15.8%, Маркаров: 12.8%, Меньших: 4.6%, Портнягин: 62.5%, Сазонов: 2.9%
2724;Красноглинский;Самара, Красноглинская;1273;65.75;Боброва: 10.6%, Маркаров: 8.7%, Меньших: 8.0%, Портнягин: 62.1%, Сазонов: 6.2%
2725;Красноглинский;Самара, Красноглинская;1559;39.00;Боброва: 36.1%, Маркаров: 12.8%, Меньших: 11.7%, Портнягин: 27.7%, Сазонов: 6.9%
2726;Красноглинский;Самара, Красноглинская;985;63.96;Боброва: 6.5%, Маркаров: 5.2%, Меньших: 2.2%, Портнягин: 76.2%, Сазонов: 4.8%
2727;Красноглинский;Самара, Красноглинская;628;58.28;Боброва: 9.6%, Маркаров: 9.0%, Меньших: 8.2%, Портнягин: 62.8%, Сазонов: 6.3%
2728;Красноглинский;Самара, Красноглинская;2456;38.60;Боброва: 30.0%, Маркаров: 14.6%, Меньших: 13.3%, Портнягин: 25.5%, Сазонов: 9.1%
2729;Красноглинский;Самара, Красноглинская;1501;64.22;Боброва: 15.8%, Маркаров: 8.4%, Меньших: 5.5%, Портнягин: 62.3%, Сазонов: 3.0%
2730;Красноглинский;Самара, Красноглинская;1733;63.01;Боброва: 20.9%, Маркаров: 9.0%, Меньших: 3.2%, Портнягин: 64.0%, Сазонов: 1.1%
2731;Красноглинский;Самара, Красноглинская;1696;64.98;Боброва: 14.7%, Маркаров: 10.2%, Меньших: 7.3%, Портнягин: 59.4%, Сазонов: 4.2%
2732;Красноглинский;Самара, Красноглинская;1758;65.02;Боброва: 5.2%, Маркаров: 5.5%, Меньших: 5.0%, Портнягин: 67.0%, Сазонов: 17.2%
2733;Красноглинский;Самара, Красноглинская;1871;64.99;Боброва: 11.2%, Маркаров: 8.1%, Меньших: 4.4%, Портнягин: 67.0%, Сазонов: 9.2%
2734;Красноглинский;Самара, Красноглинская;1990;63.32;Боброва: 11.3%, Маркаров: 7.9%, Меньших: 6.9%, Портнягин: 66.0%, Сазонов: 6.2%
2735;Красноглинский;Самара, Красноглинская;1631;46.29;Боброва: 14.8%, Маркаров: 6.8%, Меньших: 9.7%, Портнягин: 59.7%, Сазонов: 2.2%
2736;Красноглинский;Самара, Красноглинская;1137;64.91;Боброва: 18.0%, Маркаров: 11.0%, Меньших: 9.9%, Портнягин: 46.8%, Сазонов: 6.6%
2737;Красноглинский;Самара, Красноглинская;1326;48.94;Боброва: 17.3%, Маркаров: 1.2%, Меньших: 5.7%, Портнягин: 62.4%, Сазонов: 12.3%
2738;Красноглинский;Самара, Красноглинская;1680;70.48;Боброва: 12.6%, Маркаров: 7.3%, Меньших: 7.1%, Портнягин: 65.0%, Сазонов: 8.0%
2739;Красноглинский;Самара, Красноглинская;1649;62.77;Боброва: 12.2%, Маркаров: 7.0%, Меньших: 8.3%, Портнягин: 63.3%, Сазонов: 8.6%
2740;Красноглинский;Самара, Красноглинская;1698;65.25;Боброва: 13.4%, Маркаров: 9.8%, Меньших: 4.8%, Портнягин: 65.0%, Сазонов: 7.0%
2741;Красноглинский;Самара, Красноглинская;1733;65.78;Боброва: 24.7%, Маркаров: 4.2%, Меньших: 5.9%, Портнягин: 64.9%, Сазонов: 0.3%
2742;Красноглинский;Самара, Красноглинская;1978;62.99;Боброва: 11.4%, Маркаров: 5.8%, Меньших: 6.9%, Портнягин: 62.9%, Сазонов: 9.9%
2743;Красноглинский;Самара, Красноглинская;2374;36.31;Боброва: 28.5%, Маркаров: 19.0%, Меньших: 12.7%, Портнягин: 26.7%, Сазонов: 6.8%
2744;Красноглинский;Самара, Красноглинская;1674;64.10;Боброва: 21.5%, Маркаров: 10.0%, Меньших: 2.9%, Портнягин: 62.7%, Сазонов: 1.5%
2745;Красноглинский;Самара, Красноглинская;1902;64.98;Боброва: 8.8%, Маркаров: 6.9%, Меньших: 8.4%, Портнягин: 65.0%, Сазонов: 10.9%
2746;Красноглинский;Самара, Красноглинская;1749;63.52;Боброва: 10.6%, Маркаров: 7.3%, Меньших: 8.8%, Портнягин: 63.8%, Сазонов: 7.7%
2747;Красноглинский;Самара, Красноглинская;1092;65.11;Боброва: 4.9%, Маркаров: 6.3%, Меньших: 8.0%, Портнягин: 67.9%, Сазонов: 12.8%
2748;Красноглинский;Самара, Красноглинская;1043;63.95;Боброва: 15.1%, Маркаров: 6.2%, Меньших: 7.5%, Портнягин: 66.4%, Сазонов: 4.8%
2749;Красноглинский;Самара, Красноглинская;1428;50.77;Боброва: 13.2%, Маркаров: 10.2%, Меньших: 4.1%, Портнягин: 63.0%, Сазонов: 3.2%
2750;Красноглинский;Самара, Красноглинская;1636;64.98;Боброва: 11.5%, Маркаров: 8.9%, Меньших: 3.6%, Портнягин: 61.3%, Сазонов: 10.5%
2751;Красноглинский;Самара, Красноглинская;1617;66.98;Боброва: 9.5%, Маркаров: 8.5%, Меньших: 8.0%, Портнягин: 65.0%, Сазонов: 9.0%
2752;Красноглинский;Самара, Красноглинская;1781;64.96;Боброва: 8.5%, Маркаров: 9.7%, Меньших: 9.1%, Портнягин: 65.4%, Сазонов: 7.3%
2753;Красноглинский;Самара, Красноглинская;2752;65.12;Боброва: 14.1%, Маркаров: 8.9%, Меньших: 5.1%, Портнягин: 64.5%, Сазонов: 7.4%
2754;Красноглинский;Самара, Красноглинская;514;91.05;Боброва: 29.1%, Маркаров: 19.0%, Меньших: 15.0%, Портнягин: 20.7%, Сазонов: 8.1%
2755;Красноглинский;Самара, Красноглинская;143;95.10;Боброва: 26.5%, Маркаров: 16.9%, Меньших: 14.0%, Портнягин: 27.2%, Сазонов: 6.6%
3401;Красноглинский;Сергиевская;1023;79.28;Боброва: 8.0%, Маркаров: 4.7%, Меньших: 5.7%, Портнягин: 79.4%, Сазонов: 1.5%
3402;Красноглинский;Сергиевская;176;80.11;Боброва: 11.3%, Маркаров: 1.4%, Меньших: 2.8%, Портнягин: 80.8%, Сазонов: 3.5%
3403;Красноглинский;Сергиевская;205;79.02;Боброва: 3.1%, Маркаров: 3.1%, Меньших: 2.5%, Портнягин: 86.4%, Сазонов: 2.5%
3404;Красноглинский;Сергиевская;2743;76.08;Боброва: 9.8%, Маркаров: 3.5%, Меньших: 2.9%, Портнягин: 79.1%, Сазонов: 4.7%
3405;Красноглинский;Сергиевская;2325;77.08;Боброва: 2.9%, Маркаров: 6.1%, Меньших: 3.5%, Портнягин: 80.9%, Сазонов: 4.8%
3406;Красноглинский;Сергиевская;1983;76.80;Боброва: 18.6%, Маркаров: 0.7%, Меньших: 1.0%, Портнягин: 79.1%, Сазонов: 0.6%
3409;Красноглинский;Сергиевская;452;86.06;Боброва: 8.5%, Маркаров: 4.6%, Меньших: 4.1%, Портнягин: 79.2%, Сазонов: 3.1%
3410;Красноглинский;Сергиевская;448;79.69;Боброва: 10.9%, Маркаров: 3.1%, Меньших: 3.4%, Портнягин: 79.3%, Сазонов: 3.4%
3411;Красноглинский;Сергиевская;806;81.14;Боброва: 7.5%, Маркаров: 7.7%, Меньших: 2.5%, Портнягин: 81.2%, Сазонов: 1.2%
3412;Красноглинский;Сергиевская;2198;79.57;Боброва: 9.6%, Маркаров: 3.3%, Меньших: 5.9%, Портнягин: 79.5%, Сазонов: 1.8%
3413;Красноглинский;Сергиевская;1879;78.07;Боброва: 8.7%, Маркаров: 1.6%, Меньших: 4.2%, Портнягин: 80.3%, Сазонов: 4.6%
3414;Красноглинский;Сергиевская;1792;81.64;Боброва: 9.8%, Маркаров: 1.1%, Меньших: 1.2%, Портнягин: 83.7%, Сазонов: 2.7%
3415;Красноглинский;Сергиевская;2079;77.39;Боброва: 2.4%, Маркаров: 6.2%, Меньших: 9.4%, Портнягин: 80.2%, Сазонов: 1.9%
3416;Красноглинский;Сергиевская;2176;78.77;Боброва: 12.3%, Маркаров: 2.5%, Меньших: 1.5%, Портнягин: 79.0%, Сазонов: 3.1%
3417;Красноглинский;Сергиевская;2113;81.54;Боброва: 8.7%, Маркаров: 1.9%, Меньших: 5.9%, Портнягин: 82.4%, Сазонов: 0.4%
3418;Красноглинский;Сергиевская;1519;84.13;Боброва: 7.5%, Маркаров: 0.6%, Меньших: 3.1%, Портнягин: 79.5%, Сазонов: 8.3%
3419;Красноглинский;Сергиевская;849;84.22;Боброва: 15.1%, Маркаров: 1.1%, Меньших: 0.7%, Портнягин: 81.3%, Сазонов: 1.8%
3420;Красноглинский;Сергиевская;239;83.68;Боброва: 10.0%, Маркаров: 6.0%, Меньших: 5.0%, Портнягин: 79.0%, Сазонов: 0.0%
3421;Красноглинский;Сергиевская;1407;77.97;Боброва: 8.9%, Маркаров: 4.3%, Меньших: 4.5%, Портнягин: 79.2%, Сазонов: 2.8%
3422;Красноглинский;Сергиевская;1015;50.44;Боброва: 27.1%, Маркаров: 12.5%, Меньших: 10.2%, Портнягин: 37.3%, Сазонов: 7.0%
3423;Красноглинский;Сергиевская;148;79.05;Боброва: 6.0%, Маркаров: 8.6%, Меньших: 4.3%, Портнягин: 81.2%, Сазонов: 0.0%
3424;Красноглинский;Сергиевская;200;83.00;Боброва: 12.1%, Маркаров: 6.0%, Меньших: 1.8%, Портнягин: 80.1%, Сазонов: 0.0%
3425;Красноглинский;Сергиевская;335;80.60;Боброва: 6.3%, Маркаров: 0.7%, Меньших: 5.6%, Портнягин: 80.0%, Сазонов: 7.4%
3426;Красноглинский;Сергиевская;218;81.19;Боброва: 10.2%, Маркаров: 2.8%, Меньших: 4.0%, Портнягин: 80.2%, Сазонов: 2.8%
3427;Красноглинский;Сергиевская;377;86.21;Боброва: 3.7%, Маркаров: 2.1%, Меньших: 3.1%, Портнягин: 84.6%, Сазонов: 0.6%
3428;Красноглинский;Сергиевская;272;80.15;Боброва: 6.9%, Маркаров: 3.7%, Меньших: 4.6%, Портнягин: 81.2%, Сазонов: 3.7%
3429;Красноглинский;Сергиевская;487;82.34;Боброва: 11.5%, Маркаров: 4.2%, Меньших: 1.2%, Портнягин: 80.0%, Сазонов: 1.8%
3430;Красноглинский;Сергиевская;252;80.16;Боброва: 11.4%, Маркаров: 3.0%, Меньших: 0.5%, Портнягин: 79.2%, Сазонов: 5.9%
3431;Красноглинский;Сергиевская;291;82.13;Боброва: 2.9%, Маркаров: 4.6%, Меньших: 1.3%, Портнягин: 80.3%, Сазонов: 10.9%
3432;Красноглинский;Сергиевская;407;82.06;Боброва: 15.0%, Маркаров: 1.5%, Меньших: 2.4%, Портнягин: 81.1%, Сазонов: 0.0%
3433;Красноглинский;Сергиевская;484;79.34;Боброва: 10.9%, Маркаров: 3.1%, Меньших: 2.9%, Портнягин: 79.2%, Сазонов: 3.9%
3434;Красноглинский;Сергиевская;556;78.96;Боброва: 6.2%, Маркаров: 4.1%, Меньших: 4.1%, Портнягин: 79.0%, Сазонов: 6.6%
3436;Красноглинский;Сергиевская;853;79.13;Боброва: 7.4%, Маркаров: 6.2%, Меньших: 4.3%, Портнягин: 79.1%, Сазонов: 2.4%
4301;Красноглинский;Челно-Вершинская;528;96.40;Боброва: 4.9%, Маркаров: 0.8%, Меньших: 3.0%, Портнягин: 90.0%, Сазонов: 1.4%
4302;Красноглинский;Челно-Вершинская;188;96.28;Боброва: 4.4%, Маркаров: 0.6%, Меньших: 2.8%, Портнягин: 90.1%, Сазонов: 2.2%
4303;Красноглинский;Челно-Вершинская;190;93.16;Боброва: 1.1%, Маркаров: 1.7%, Меньших: 5.7%, Портнягин: 90.4%, Сазонов: 1.1%
4304;Красноглинский;Челно-Вершинская;605;96.69;Боброва: 4.3%, Маркаров: 1.9%, Меньших: 2.2%, Портнягин: 90.4%, Сазонов: 1.2%
4305;Красноглинский;Челно-Вершинская;400;94.25;Боброва: 5.0%, Маркаров: 0.5%, Меньших: 2.6%, Портнягин: 90.2%, Сазонов: 1.6%
4306;Красноглинский;Челно-Вершинская;58;96.55;Боброва: 0.0%, Маркаров: 0.0%, Меньших: 1.8%, Портнягин: 94.6%, Сазонов: 3.6%
4307;Красноглинский;Челно-Вершинская;93;96.77;Боброва: 4.4%, Маркаров: 0.0%, Меньших: 3.3%, Портнягин: 90.0%, Сазонов: 2.2%
4308;Красноглинский;Челно-Вершинская;226;96.90;Боброва: 3.6%, Маркаров: 1.8%, Меньших: 2.3%, Портнягин: 90.4%, Сазонов: 1.8%
4309;Красноглинский;Челно-Вершинская;213;96.24;Боброва: 1.5%, Маркаров: 2.4%, Меньших: 0.5%, Портнягин: 92.7%, Сазонов: 2.9%
4310;Красноглинский;Челно-Вершинская;320;96.88;Боброва: 1.6%, Маркаров: 2.3%, Меньших: 1.3%, Портнягин: 93.5%, Сазонов: 1.3%
4311;Красноглинский;Челно-Вершинская;365;97.26;Боброва: 3.4%, Маркаров: 1.4%, Меньших: 2.2%, Портнягин: 91.0%, Сазонов: 2.0%
4312;Красноглинский;Челно-Вершинская;182;97.25;Боброва: 5.1%, Маркаров: 0.0%, Меньших: 3.4%, Портнягин: 90.4%, Сазонов: 1.1%
4313;Красноглинский;Челно-Вершинская;106;96.23;Боброва: 3.9%, Маркаров: 1.0%, Меньших: 2.9%, Портнягин: 90.2%, Сазонов: 2.0%
4314;Красноглинский;Челно-Вершинская;449;96.21;Боброва: 3.2%, Маркаров: 1.4%, Меньших: 3.2%, Портнягин: 90.0%, Сазонов: 2.1%
4315;Красноглинский;Челно-Вершинская;197;95.43;Боброва: 4.8%, Маркаров: 0.0%, Меньших: 1.6%, Портнягин: 90.4%, Сазонов: 3.2%
4316;Красноглинский;Челно-Вершинская;355;96.90;Боброва: 5.5%, Маркаров: 0.3%, Меньших: 2.3%, Портнягин: 90.4%, Сазонов: 1.4%
4317;Красноглинский;Челно-Вершинская;1141;96.49;Боброва: 1.8%, Маркаров: 3.5%, Меньших: 3.3%, Портнягин: 90.0%, Сазонов: 1.4%
4318;Красноглинский;Челно-Вершинская;1379;96.01;Боброва: 4.2%, Маркаров: 2.1%, Меньших: 1.6%, Портнягин: 90.0%, Сазонов: 2.0%
4319;Красноглинский;Челно-Вершинская;763;95.94;Боброва: 3.3%, Маркаров: 2.7%, Меньших: 2.5%, Портнягин: 90.0%, Сазонов: 1.5%
4320;Красноглинский;Челно-Вершинская;839;95.83;Боброва: 6.0%, Маркаров: 0.8%, Меньших: 2.0%, Портнягин: 90.0%, Сазонов: 1.2%
4322;Красноглинский;Челно-Вершинская;582;96.05;Боброва: 8.6%, Маркаров: 0.2%, Меньших: 0.9%, Портнягин: 90.2%, Сазонов: 0.2%
4323;Красноглинский;Челно-Вершинская;317;95.27;Боброва: 5.0%, Маркаров: 1.0%, Меньших: 1.7%, Портнягин: 90.7%, Сазонов: 1.3%
4324;Красноглинский;Челно-Вершинская;448;96.65;Боброва: 4.4%, Маркаров: 1.4%, Меньших: 2.5%, Портнягин: 90.1%, Сазонов: 1.6%
4325;Красноглинский;Челно-Вершинская;280;96.07;Боброва: 4.1%, Маркаров: 0.0%, Меньших: 3.4%, Портнягин: 90.0%, Сазонов: 2.6%
4326;Красноглинский;Челно-Вершинская;485;97.32;Боброва: 5.3%, Маркаров: 0.6%, Меньших: 2.5%, Портнягин: 90.2%, Сазонов: 1.3%
4327;Красноглинский;Челно-Вершинская;281;95.37;Боброва: 4.1%, Маркаров: 1.5%, Меньших: 1.9%, Портнягин: 91.0%, Сазонов: 1.5%
4328;Красноглинский;Челно-Вершинская;152;96.05;Боброва: 5.5%, Маркаров: 2.7%, Меньших: 0.7%, Портнягин: 90.4%, Сазонов: 0.7%
4401;Красноглинский;Шенталинская;162;95.68;Боброва: 9.0%, Маркаров: 1.9%, Меньших: 1.3%, Портнягин: 84.5%, Сазонов: 2.6%
4402;Красноглинский;Шенталинская;224;94.20;Боброва: 15.6%, Маркаров: 1.4%, Меньших: 1.4%, Портнягин: 79.6%, Сазонов: 1.4%
4403;Красноглинский;Шенталинская;166;98.80;Боброва: 1.8%, Маркаров: 0.0%, Меньших: 1.2%, Портнягин: 92.7%, Сазонов: 4.3%
4404;Красноглинский;Шенталинская;123;98.37;Боброва: 3.3%, Маркаров: 2.5%, Меньших: 0.8%, Портнягин: 86.8%, Сазонов: 5.8%
4405;Красноглинский;Шенталинская;103;99.03;Боброва: 4.9%, Маркаров: 1.0%, Меньших: 1.0%, Портнягин: 88.2%, Сазонов: 4.9%
4406;Красноглинский;Шенталинская;597;95.48;Боброва: 2.5%, Маркаров: 4.0%, Меньших: 3.7%, Портнягин: 88.2%, Сазонов: 1.6%
4407;Красноглинский;Шенталинская;324;95.99;Боброва: 2.2%, Маркаров: 6.4%, Меньших: 2.9%, Портнягин: 84.6%, Сазонов: 3.5%
4408;Красноглинский;Шенталинская;287;97.91;Боброва: 1.4%, Маркаров: 0.7%, Меньших: 0.7%, Портнягин: 95.0%, Сазонов: 2.1%
4409;Красноглинский;Шенталинская;630;96.35;Боброва: 4.0%, Маркаров: 4.3%, Меньших: 3.6%, Портнягин: 82.5%, Сазонов: 5.6%
4410;Красноглинский;Шенталинская;121;97.52;Боброва: 5.1%, Маркаров: 0.8%, Меньших: 4.2%, Портнягин: 87.3%, Сазонов: 2.5%
4411;Красноглинский;Шенталинская;327;95.41;Боброва: 4.8%, Маркаров: 3.5%, Меньших: 3.9%, Портнягин: 83.0%, Сазонов: 4.8%
4412;Красноглинский;Шенталинская;212;95.28;Боброва: 1.0%, Маркаров: 1.0%, Меньших: 1.5%, Портнягин: 83.2%, Сазонов: 12.4%
4413;Красноглинский;Шенталинская;101;96.04;Боброва: 13.4%, Маркаров: 2.1%, Меньших: 1.0%, Портнягин: 81.4%, Сазонов: 2.1%
4414;Красноглинский;Шенталинская;280;96.07;Боброва: 8.2%, Маркаров: 2.2%, Меньших: 1.1%, Портнягин: 84.0%, Сазонов: 4.5%
4415;Красноглинский;Шенталинская;252;98.02;Боброва: 10.9%, Маркаров: 3.2%, Меньших: 1.6%, Портнягин: 80.2%, Сазонов: 2.8%
4416;Красноглинский;Шенталинская;119;94.96;Боброва: 9.7%, Маркаров: 1.8%, Меньших: 1.8%, Портнягин: 82.3%, Сазонов: 4.4%
4417;Красноглинский;Шенталинская;171;95.32;Боброва: 9.2%, Маркаров: 3.7%, Меньших: 1.8%, Портнягин: 80.4%, Сазонов: 4.3%
4418;Красноглинский;Шенталинская;113;97.35;Боброва: 11.8%, Маркаров: 2.7%, Меньших: 2.7%, Портнягин: 80.9%, Сазонов: 1.8%
4419;Красноглинский;Шенталинская;218;98.17;Боброва: 2.3%, Маркаров: 1.9%, Меньших: 1.9%, Портнягин: 89.7%, Сазонов: 4.2%
4420;Красноглинский;Шенталинская;138;97.83;Боброва: 3.0%, Маркаров: 2.2%, Меньших: 1.5%, Портнягин: 89.6%, Сазонов: 3.7%
4421;Красноглинский;Шенталинская;452;95.58;Боброва: 14.8%, Маркаров: 0.0%, Меньших: 4.6%, Портнягин: 80.1%, Сазонов: 0.0%
4422;Красноглинский;Шенталинская;104;96.15;Боброва: 4.0%, Маркаров: 2.0%, Меньших: 3.0%, Портнягин: 80.0%, Сазонов: 9.0%
4423;Красноглинский;Шенталинская;922;99.24;Боброва: 4.6%, Маркаров: 2.4%, Меньших: 2.1%, Портнягин: 88.5%, Сазонов: 2.3%
4424;Красноглинский;Шенталинская;721;98.89;Боброва: 7.4%, Маркаров: 3.0%, Меньших: 1.1%, Портнягин: 85.5%, Сазонов: 3.0%
4425;Красноглинский;Шенталинская;794;97.86;Боброва: 3.7%, Маркаров: 1.0%, Меньших: 1.2%, Портнягин: 93.2%, Сазонов: 0.9%
4426;Красноглинский;Шенталинская;823;97.93;Боброва: 6.3%, Маркаров: 4.0%, Меньших: 2.7%, Портнягин: 80.8%, Сазонов: 6.2%
4427;Красноглинский;Шенталинская;1073;98.32;Боброва: 15.4%, Маркаров: 0.6%, Меньших: 4.8%, Портнягин: 74.1%, Сазонов: 4.2%
201;Жигулевский;Безенчукская;2240;82.01;Гусейнов: 2.0%, Гутник: 0.7%, Пухаев: 1.4%, Трифонов: 75.0%, Усов: 20.0%
202;Жигулевский;Безенчукская;2233;74.56;Гусейнов: 4.8%, Гутник: 6.1%, Пухаев: 3.6%, Трифонов: 81.0%, Усов: 4.2%
203;Жигулевский;Безенчукская;1187;80.62;Гусейнов: 1.0%, Гутник: 0.9%, Пухаев: 1.7%, Трифонов: 75.1%, Усов: 20.4%
204;Жигулевский;Безенчукская;1006;80.52;Гусейнов: 0.7%, Гутник: 2.5%, Пухаев: 0.9%, Трифонов: 75.1%, Усов: 20.1%
205;Жигулевский;Безенчукская;1074;85.94;Гусейнов: 1.4%, Гутник: 0.8%, Пухаев: 7.6%, Трифонов: 74.0%, Усов: 14.8%
206;Жигулевский;Безенчукская;1101;80.02;Гусейнов: 1.0%, Гутник: 1.5%, Пухаев: 0.8%, Трифонов: 75.9%, Усов: 20.0%
207;Жигулевский;Безенчукская;2162;83.58;Гусейнов: 0.5%, Гутник: 0.7%, Пухаев: 1.5%, Трифонов: 77.0%, Усов: 20.0%
208;Жигулевский;Безенчукская;1034;81.04;Гусейнов: 0.7%, Гутник: 1.1%, Пухаев: 0.7%, Трифонов: 77.0%, Усов: 19.9%
209;Жигулевский;Безенчукская;1016;85.04;Гусейнов: 3.8%, Гутник: 5.4%, Пухаев: 1.3%, Трифонов: 77.2%, Усов: 12.3%
210;Жигулевский;Безенчукская;1014;87.97;Гусейнов: 7.8%, Гутник: 5.0%, Пухаев: 4.5%, Трифонов: 77.6%, Усов: 4.5%
211;Жигулевский;Безенчукская;2019;78.70;Гусейнов: 1.9%, Гутник: 1.0%, Пухаев: 1.9%, Трифонов: 75.0%, Усов: 20.1%
212;Жигулевский;Безенчукская;198;84.85;Гусейнов: 1.8%, Гутник: 1.8%, Пухаев: 1.2%, Трифонов: 75.0%, Усов: 20.2%
213;Жигулевский;Безенчукская;1265;88.54;Гусейнов: 4.9%, Гутник: 4.6%, Пухаев: 3.3%, Трифонов: 72.6%, Усов: 12.6%
214;Жигулевский;Безенчукская;730;79.18;Гусейнов: 3.3%, Гутник: 2.2%, Пухаев: 1.9%, Трифонов: 74.9%, Усов: 15.2%
215;Жигулевский;Безенчукская;159;92.45;Гусейнов: 6.8%, Гутник: 6.8%, Пухаев: 1.4%, Трифонов: 71.4%, Усов: 13.6%
216;Жигулевский;Безенчукская;137;85.40;Гусейнов: 3.4%, Гутник: 1.7%, Пухаев: 0.0%, Трифонов: 74.4%, Усов: 20.5%
217;Жигулевский;Безенчукская;678;80.83;Гусейнов: 1.6%, Гутник: 0.4%, Пухаев: 0.9%, Трифонов: 77.0%, Усов: 20.1%
218;Жигулевский;Безенчукская;1112;80.04;Гусейнов: 0.3%, Гутник: 0.3%, Пухаев: 0.6%, Трифонов: 78.1%, Усов: 20.7%
219;Жигулевский;Безенчукская;371;69.00;Гусейнов: 1.6%, Гутник: 0.0%, Пухаев: 2.4%, Трифонов: 73.8%, Усов: 18.9%
220;Жигулевский;Безенчукская;172;84.88;Гусейнов: 1.4%, Гутник: 2.0%, Пухаев: 0.7%, Трифонов: 75.3%, Усов: 20.6%
221;Жигулевский;Безенчукская;1174;91.06;Гусейнов: 0.3%, Гутник: 3.7%, Пухаев: 0.5%, Трифонов: 75.3%, Усов: 19.7%
222;Жигулевский;Безенчукская;607;88.80;Гусейнов: 2.0%, Гутник: 0.6%, Пухаев: 1.7%, Трифонов: 75.0%, Усов: 20.0%
223;Жигулевский;Безенчукская;327;81.65;Гусейнов: 2.2%, Гутник: 1.5%, Пухаев: 0.8%, Трифонов: 75.7%, Усов: 19.9%
224;Жигулевский;Безенчукская;246;84.55;Гусейнов: 0.0%, Гутник: 1.9%, Пухаев: 1.4%, Трифонов: 76.4%, Усов: 20.2%
225;Жигулевский;Безенчукская;537;86.96;Гусейнов: 1.3%, Гутник: 0.6%, Пухаев: 0.4%, Трифонов: 77.5%, Усов: 20.1%
226;Жигулевский;Безенчукская;806;83.13;Гусейнов: 1.5%, Гутник: 1.0%, Пухаев: 0.5%, Трифонов: 74.9%, Усов: 20.0%
227;Жигулевский;Безенчукская;425;85.18;Гусейнов: 1.4%, Гутник: 0.0%, Пухаев: 1.1%, Трифонов: 77.6%, Усов: 19.9%
228;Жигулевский;Безенчукская;226;84.96;Гусейнов: 7.8%, Гутник: 11.5%, Пухаев: 8.8%, Трифонов: 62.5%, Усов: 9.4%
229;Жигулевский;Безенчукская;149;95.97;Гусейнов: 0.0%, Гутник: 0.7%, Пухаев: 1.4%, Трифонов: 80.4%, Усов: 17.5%
230;Жигулевский;Безенчукская;580;85.34;Гусейнов: 0.0%, Гутник: 11.1%, Пухаев: 0.0%, Трифонов: 77.0%, Усов: 11.9%
231;Жигулевский;Безенчукская;114;82.46;Гусейнов: 2.1%, Гутник: 1.1%, Пухаев: 1.1%, Трифонов: 75.5%, Усов: 20.2%
232;Жигулевский;Безенчукская;631;83.36;Гусейнов: 0.4%, Гутник: 0.9%, Пухаев: 0.4%, Трифонов: 77.2%, Усов: 19.4%
233;Жигулевский;Безенчукская;664;85.54;Гусейнов: 2.8%, Гутник: 4.4%, Пухаев: 2.8%, Трифонов: 79.4%, Усов: 10.6%
901;Жигулевский;Жигулевская городская;2185;57.85;Гусейнов: 1.7%, Гутник: 3.3%, Пухаев: 3.2%, Трифонов: 83.3%, Усов: 5.8%
902;Жигулевский;Жигулевская городская;2136;67.98;Гусейнов: 7.4%, Гутник: 9.4%, Пухаев: 6.8%, Трифонов: 56.4%, Усов: 14.2%
903;Жигулевский;Жигулевская городская;2338;57.78;Гусейнов: 9.3%, Гутник: 10.1%, Пухаев: 8.2%, Трифонов: 43.7%, Усов: 21.0%
904;Жигулевский;Жигулевская городская;1997;52.63;Гусейнов: 8.1%, Гутник: 6.0%, Пухаев: 6.6%, Трифонов: 55.7%, Усов: 19.0%
905;Жигулевский;Жигулевская городская;1977;62.32;Гусейнов: 5.0%, Гутник: 5.7%, Пухаев: 5.1%, Трифонов: 67.7%, Усов: 13.5%
906;Жигулевский;Жигулевская городская;2024;59.98;Гусейнов: 4.3%, Гутник: 6.4%, Пухаев: 5.3%, Трифонов: 69.2%, Усов: 12.5%
907;Жигулевский;Жигулевская городская;1171;61.06;Гусейнов: 7.4%, Гутник: 6.2%, Пухаев: 8.8%, Трифонов: 55.8%, Усов: 17.5%
908;Жигулевский;Жигулевская городская;1177;45.37;Гусейнов: 7.9%, Гутник: 12.4%, Пухаев: 14.1%, Трифонов: 20.5%, Усов: 25.8%
909;Жигулевский;Жигулевская городская;2227;48.50;Гусейнов: 6.2%, Гутник: 9.2%, Пухаев: 5.2%, Трифонов: 55.1%, Усов: 18.4%
910;Жигулевский;Жигулевская городская;2119;58.47;Гусейнов: 7.0%, Гутник: 6.9%, Пухаев: 6.0%, Трифонов: 62.1%, Усов: 14.9%
911;Жигулевский;Жигулевская городская;2222;58.19;Гусейнов: 9.7%, Гутник: 9.2%, Пухаев: 8.9%, Трифонов: 44.1%, Усов: 20.2%
912;Жигулевский;Жигулевская городская;2233;56.96;Гусейнов: 7.6%, Гутник: 7.6%, Пухаев: 8.2%, Трифонов: 53.8%, Усов: 18.2%
913;Жигулевский;Жигулевская городская;2345;56.67;Гусейнов: 8.2%, Гутник: 11.0%, Пухаев: 8.9%, Трифонов: 48.7%, Усов: 16.4%
914;Жигулевский;Жигулевская городская;2461;57.09;Гусейнов: 10.8%, Гутник: 12.9%, Пухаев: 15.2%, Трифонов: 24.3%, Усов: 28.3%
915;Жигулевский;Жигулевская городская;2106;54.46;Гусейнов: 9.2%, Гутник: 8.9%, Пухаев: 9.9%, Трифонов: 50.2%, Усов: 16.0%
916;Жигулевский;Жигулевская городская;2309;52.88;Гусейнов: 8.4%, Гутник: 8.2%, Пухаев: 9.0%, Трифонов: 48.1%, Усов: 19.1%
917;Жигулевский;Жигулевская городская;2131;68.37;Гусейнов: 7.9%, Гутник: 8.4%, Пухаев: 8.8%, Трифонов: 51.0%, Усов: 17.0%
918;Жигулевский;Жигулевская городская;2035;67.37;Гусейнов: 3.9%, Гутник: 5.1%, Пухаев: 3.9%, Трифонов: 79.4%, Усов: 5.1%
919;Жигулевский;Жигулевская городская;1984;52.22;Гусейнов: 6.5%, Гутник: 5.1%, Пухаев: 6.3%, Трифонов: 58.3%, Усов: 19.0%
920;Жигулевский;Жигулевская городская;1805;58.89;Гусейнов: 4.6%, Гутник: 12.9%, Пухаев: 2.3%, Трифонов: 58.0%, Усов: 15.7%
921;Жигулевский;Жигулевская городская;377;41.11;Гусейнов: 11.6%, Гутник: 11.6%, Пухаев: 6.5%, Трифонов: 31.6%, Усов: 26.4%
922;Жигулевский;Жигулевская городская;741;68.96;Гусейнов: 1.8%, Гутник: 3.7%, Пухаев: 2.4%, Трифонов: 80.6%, Усов: 8.6%
923;Жигулевский;Жигулевская городская;746;64.88;Гусейнов: 9.7%, Гутник: 8.9%, Пухаев: 6.2%, Трифонов: 56.2%, Усов: 12.6%
924;Жигулевский;Жигулевская городская;607;69.52;Гусейнов: 7.3%, Гутник: 12.3%, Пухаев: 9.7%, Трифонов: 50.2%, Усов: 14.4%
925;Жигулевский;Жигулевская городская;304;78.62;Гусейнов: 13.0%, Гутник: 7.5%, Пухаев: 6.3%, Трифонов: 51.9%, Усов: 14.2%
1601;Жигулевский;Красноармейская;1015;72.71;Гусейнов: 11.4%, Гутник: 12.9%, Пухаев: 11.0%, Трифонов: 39.7%, Усов: 17.6%
1602;Жигулевский;Красноармейская;833;77.55;Гусейнов: 7.1%, Гутник: 7.3%, Пухаев: 8.1%, Трифонов: 65.0%, Усов: 11.9%
1603;Жигулевский;Красноармейская;832;74.16;Гусейнов: 10.5%, Гутник: 12.8%, Пухаев: 1.0%, Трифонов: 60.0%, Усов: 15.1%
1604;Жигулевский;Красноармейская;920;70.22;Гусейнов: 6.3%, Гутник: 7.0%, Пухаев: 1.1%, Трифонов: 75.8%, Усов: 9.1%
1605;Жигулевский;Красноармейская;153;100.00;Гусейнов: 4.6%, Гутник: 5.9%, Пухаев: 3.9%, Трифонов: 80.4%, Усов: 1.3%
1606;Жигулевский;Красноармейская;256;91.80;Гусейнов: 0.8%, Гутник: 4.3%, Пухаев: 0.0%, Трифонов: 90.6%, Усов: 4.3%
1607;Жигулевский;Красноармейская;301;87.04;Гусейнов: 3.4%, Гутник: 4.6%, Пухаев: 2.3%, Трифонов: 78.2%, Усов: 8.4%
1608;Жигулевский;Красноармейская;217;84.33;Гусейнов: 1.1%, Гутник: 2.7%, Пухаев: 2.7%, Трифонов: 88.0%, Усов: 5.5%
1609;Жигулевский;Красноармейская;115;86.96;Гусейнов: 7.0%, Гутник: 2.0%, Пухаев: 3.0%, Трифонов: 81.0%, Усов: 5.0%
1610;Жигулевский;Красноармейская;362;85.36;Гусейнов: 2.3%, Гутник: 2.9%, Пухаев: 2.6%, Трифонов: 83.8%, Усов: 8.1%
1611;Жигулевский;Красноармейская;138;82.61;Гусейнов: 10.5%, Гутник: 5.3%, Пухаев: 0.0%, Трифонов: 71.9%, Усов: 12.3%
1612;Жигулевский;Красноармейская;155;83.87;Гусейнов: 3.1%, Гутник: 1.5%, Пухаев: 0.8%, Трифонов: 92.3%, Усов: 2.3%
1613;Жигулевский;Красноармейская;107;84.11;Гусейнов: 0.0%, Гутник: 0.0%, Пухаев: 0.0%, Трифонов: 93.3%, Усов: 6.7%
1614;Жигулевский;Красноармейская;418;84.69;Гусейнов: 2.8%, Гутник: 3.7%, Пухаев: 4.2%, Трифонов: 84.5%, Усов: 4.0%
1615;Жигулевский;Красноармейская;267;91.01;Гусейнов: 8.6%, Гутник: 12.8%, Пухаев: 7.0%, Трифонов: 62.1%, Усов: 9.5%
1616;Жигулевский;Красноармейская;297;95.29;Гусейнов: 3.5%, Гутник: 3.5%, Пухаев: 3.5%, Трифонов: 81.3%, Усов: 8.1%
1617;Жигулевский;Красноармейская;323;91.02;Гусейнов: 2.7%, Гутник: 3.1%, Пухаев: 2.7%, Трифонов: 87.4%, Усов: 4.1%
1618;Жигулевский;Красноармейская;273;81.32;Гусейнов: 5.0%, Гутник: 8.6%, Пухаев: 6.8%, Трифонов: 69.8%, Усов: 8.6%
1619;Жигулевский;Красноармейская;691;88.13;Гусейнов: 5.9%, Гутник: 4.8%, Пухаев: 4.1%, Трифонов: 71.3%, Усов: 10.5%
1620;Жигулевский;Красноармейская;126;82.54;Гусейнов: 1.9%, Гутник: 3.9%, Пухаев: 6.7%, Трифонов: 74.0%, Усов: 11.5%
1621;Жигулевский;Красноармейская;167;95.81;Гусейнов: 3.1%, Гутник: 3.1%, Пухаев: 2.5%, Трифонов: 86.9%, Усов: 2.5%
1622;Жигулевский;Красноармейская;85;94.12;Гусейнов: 2.5%, Гутник: 3.8%, Пухаев: 3.8%, Трифонов: 87.5%, Усов: 2.5%
1623;Жигулевский;Красноармейская;1041;90.20;Гусейнов: 1.1%, Гутник: 8.6%, Пухаев: 8.5%, Трифонов: 75.1%, Усов: 6.7%
1624;Жигулевский;Красноармейская;198;85.86;Гусейнов: 3.5%, Гутник: 13.5%, Пухаев: 8.8%, Трифонов: 62.9%, Усов: 11.2%
1625;Жигулевский;Красноармейская;98;90.82;Гусейнов: 4.5%, Гутник: 2.2%, Пухаев: 10.1%, Трифонов: 61.8%, Усов: 16.9%
1626;Жигулевский;Красноармейская;97;95.88;Гусейнов: 2.1%, Гутник: 4.3%, Пухаев: 5.4%, Трифонов: 86.0%, Усов: 2.1%
1627;Жигулевский;Красноармейская;536;86.94;Гусейнов: 0.6%, Гутник: 6.0%, Пухаев: 3.4%, Трифонов: 76.0%, Усов: 13.9%
1628;Жигулевский;Красноармейская;435;84.83;Гусейнов: 3.8%, Гутник: 4.1%, Пухаев: 3.8%, Трифонов: 80.2%, Усов: 8.1%
1629;Жигулевский;Красноармейская;339;85.55;Гусейнов: 3.1%, Гутник: 3.8%, Пухаев: 2.8%, Трифонов: 82.8%, Усов: 2.4%
1630;Жигулевский;Красноармейская;657;86.91;Гусейнов: 6.1%, Гутник: 5.2%, Пухаев: 4.9%, Трифонов: 73.4%, Усов: 10.3%
2001;Жигулевский;Октябрьская городская;1098;79.33;Гусейнов: 3.1%, Гутник: 4.2%, Пухаев: 0.2%, Трифонов: 84.7%, Усов: 5.2%
2002;Жигулевский;Октябрьская городская;963;60.23;Гусейнов: 6.4%, Гутник: 9.5%, Пухаев: 6.4%, Трифонов: 54.7%, Усов: 16.9%
2003;Жигулевский;Октябрьская городская;980;73.47;Гусейнов: 6.0%, Гутник: 8.2%, Пухаев: 6.5%, Трифонов: 61.4%, Усов: 13.9%
2004;Жигулевский;Октябрьская городская;1063;57.10;Гусейнов: 8.2%, Гутник: 13.0%, Пухаев: 6.9%, Трифонов: 46.3%, Усов: 19.8%
2005;Жигулевский;Октябрьская городская;1033;64.18;Гусейнов: 7.5%, Гутник: 9.5%, Пухаев: 7.7%, Трифонов: 53.9%, Усов: 17.6%
2006;Жигулевский;Октябрьская городская;1037;96.05;Гусейнов: 0.9%, Гутник: 2.5%, Пухаев: 1.0%, Трифонов: 93.5%, Усов: 1.6%
2007;Жигулевский;Октябрьская городская;975;52.21;Гусейнов: 4.3%, Гутник: 2.8%, Пухаев: 4.3%, Трифонов: 73.5%, Усов: 11.4%
2008;Жигулевский;Октябрьская городская;886;88.60;Гусейнов: 4.1%, Гутник: 9.7%, Пухаев: 9.7%, Трифонов: 70.1%, Усов: 6.5%
2009;Жигулевский;Октябрьская городская;1099;89.08;Гусейнов: 4.5%, Гутник: 8.2%, Пухаев: 0.7%, Трифонов: 83.7%, Усов: 2.0%
2010;Жигулевский;Октябрьская городская;1035;92.75;Гусейнов: 4.2%, Гутник: 4.6%, Пухаев: 0.9%, Трифонов: 89.3%, Усов: 1.0%
2011;Жигулевский;Октябрьская городская;994;69.32;Гусейнов: 5.7%, Гутник: 9.1%, Пухаев: 10.2%, Трифонов: 56.2%, Усов: 15.8%
2012;Жигулевский;Октябрьская городская;1102;78.13;Гусейнов: 3.7%, Гутник: 6.2%, Пухаев: 4.5%, Трифонов: 72.0%, Усов: 12.0%
2013;Жигулевский;Октябрьская городская;1049;67.87;Гусейнов: 7.2%, Гутник: 9.6%, Пухаев: 8.6%, Трифонов: 49.0%, Усов: 17.3%
2014;Жигулевский;Октябрьская городская;903;72.54;Гусейнов: 8.6%, Гутник: 7.6%, Пухаев: 4.4%, Трифонов: 62.9%, Усов: 13.3%
2015;Жигулевский;Октябрьская городская;861;84.90;Гусейнов: 4.7%, Гутник: 7.7%, Пухаев: 3.6%, Трифонов: 69.0%, Усов: 11.2%
2016;Жигулевский;Октябрьская городская;917;71.43;Гусейнов: 7.9%, Гутник: 8.2%, Пухаев: 6.1%, Трифонов: 56.6%, Усов: 14.2%
2017;Жигулевский;Октябрьская городская;901;71.14;Гусейнов: 5.0%, Гутник: 7.6%, Пухаев: 3.6%, Трифонов: 76.1%, Усов: 7.5%
2201;Жигулевский;Пестравская;845;96.45;Гусейнов: 3.2%, Гутник: 1.4%, Пухаев: 0.5%, Трифонов: 91.4%, Усов: 2.0%
2202;Жигулевский;Пестравская;752;97.07;Гусейнов: 1.4%, Гутник: 1.4%, Пухаев: 1.1%, Трифонов: 90.1%, Усов: 4.1%
2203;Жигулевский;Пестравская;301;95.02;Гусейнов: 2.1%, Гутник: 2.1%, Пухаев: 2.5%, Трифонов: 91.3%, Усов: 2.1%
2204;Жигулевский;Пестравская;259;100.00;Гусейнов: 0.0%, Гутник: 1.2%, Пухаев: 2.7%, Трифонов: 91.5%, Усов: 4.6%
2205;Жигулевский;Пестравская;274;95.99;Гусейнов: 2.3%, Гутник: 1.5%, Пухаев: 1.5%, Трифонов: 90.5%, Усов: 3.4%
2206;Жигулевский;Пестравская;311;95.82;Гусейнов: 3.7%, Гутник: 3.0%, Пухаев: 0.3%, Трифонов: 90.6%, Усов: 2.4%
2207;Жигулевский;Пестравская;655;97.56;Гусейнов: 2.4%, Гутник: 2.8%, Пухаев: 1.2%, Трифонов: 90.3%, Усов: 2.8%
2208;Жигулевский;Пестравская;513;95.91;Гусейнов: 1.4%, Гутник: 1.0%, Пухаев: 1.4%, Трифонов: 95.1%, Усов: 1.0%
2209;Жигулевский;Пестравская;250;98.40;Гусейнов: 0.0%, Гутник: 3.2%, Пухаев: 0.0%, Трифонов: 95.5%, Усов: 1.2%
2210;Жигулевский;Пестравская;118;96.61;Гусейнов: 4.4%, Гутник: 3.5%, Пухаев: 0.0%, Трифонов: 90.3%, Усов: 1.8%
2211;Жигулевский;Пестравская;553;98.19;Гусейнов: 1.5%, Гутник: 1.1%, Пухаев: 2.0%, Трифонов: 95.0%, Усов: 0.4%
2212;Жигулевский;Пестравская;592;93.07;Гусейнов: 2.7%, Гутник: 3.5%, Пухаев: 7.6%, Трифонов: 81.5%, Усов: 3.8%
2213;Жигулевский;Пестравская;654;95.87;Гусейнов: 0.3%, Гутник: 2.5%, Пухаев: 1.9%, Трифонов: 91.7%, Усов: 3.2%
2214;Жигулевский;Пестравская;313;96.49;Гусейнов: 1.0%, Гутник: 0.7%, Пухаев: 1.0%, Трифонов: 95.7%, Усов: 1.7%
2215;Жигулевский;Пестравская;285;98.25;Гусейнов: 0.0%, Гутник: 1.4%, Пухаев: 1.4%, Трифонов: 93.9%, Усов: 3.2%
2216;Жигулевский;Пестравская;352;96.02;Гусейнов: 3.2%, Гутник: 0.0%, Пухаев: 2.7%, Трифонов: 90.2%, Усов: 3.0%
2217;Жигулевский;Пестравская;620;96.94;Гусейнов: 2.5%, Гутник: 0.5%, Пухаев: 2.5%, Трифонов: 91.0%, Усов: 2.8%
2218;Жигулевский;Пестравская;449;96.21;Гусейнов: 1.4%, Гутник: 0.9%, Пухаев: 1.2%, Трифонов: 90.0%, Усов: 4.6%
2219;Жигулевский;Пестравская;535;97.20;Гусейнов: 1.1%, Гутник: 1.7%, Пухаев: 2.9%, Трифонов: 92.1%, Усов: 2.1%
2220;Жигулевский;Пестравская;793;95.96;Гусейнов: 1.6%, Гутник: 0.5%, Пухаев: 1.3%, Трифонов: 95.1%, Усов: 1.4%
2221;Жигулевский;Пестравская;966;95.24;Гусейнов: 1.2%, Гутник: 0.5%, Пухаев: 1.6%, Трифонов: 94.1%, Усов: 1.6%
2222;Жигулевский;Пестравская;841;95.60;Гусейнов: 1.1%, Гутник: 3.1%, Пухаев: 2.4%, Трифонов: 90.3%, Усов: 2.0%
2223;Жигулевский;Пестравская;256;95.70;Гусейнов: 1.2%, Гутник: 1.2%, Пухаев: 2.5%, Трифонов: 90.2%, Усов: 4.5%
2224;Жигулевский;Пестравская;373;96.78;Гусейнов: 2.5%, Гутник: 0.0%, Пухаев: 7.5%, Трифонов: 90.0%, Усов: 0.0%
2401;Жигулевский;Приволжская;110;96.36;Гусейнов: 0.9%, Гутник: 0.9%, Пухаев: 0.9%, Трифонов: 96.2%, Усов: 0.9%
2402;Жигулевский;Приволжская;1012;96.34;Гусейнов: 0.4%, Гутник: 0.2%, Пухаев: 0.8%, Трифонов: 94.0%, Усов: 4.5%
2403;Жигулевский;Приволжская;1572;98.28;Гусейнов: 0.3%, Гутник: 0.4%, Пухаев: 0.5%, Трифонов: 94.0%, Усов: 4.7%
2404;Жигулевский;Приволжская;648;96.91;Гусейнов: 3.0%, Гутник: 1.1%, Пухаев: 1.1%, Трифонов: 94.1%, Усов: 0.6%
2405;Жигулевский;Приволжская;138;98.55;Гусейнов: 1.5%, Гутник: 1.5%, Пухаев: 0.7%, Трифонов: 94.8%, Усов: 1.5%
2406;Жигулевский;Приволжская;114;98.25;Гусейнов: 0.9%, Гутник: 0.9%, Пухаев: 1.8%, Трифонов: 94.6%, Усов: 1.8%
2407;Жигулевский;Приволжская;117;98.29;Гусейнов: 0.9%, Гутник: 0.0%, Пухаев: 0.0%, Трифонов: 96.5%, Усов: 2.6%
2408;Жигулевский;Приволжская;66;98.48;Гусейнов: 0.0%, Гутник: 0.0%, Пухаев: 1.5%, Трифонов: 95.4%, Усов: 3.1%
2409;Жигулевский;Приволжская;350;94.00;Гусейнов: 1.5%, Гутник: 0.9%, Пухаев: 0.3%, Трифонов: 94.8%, Усов: 1.5%
2410;Жигулевский;Приволжская;872;97.02;Гусейнов: 1.1%, Гутник: 0.8%, Пухаев: 0.6%, Трифонов: 94.0%, Усов: 3.5%
2411;Жигулевский;Приволжская;441;96.83;Гусейнов: 1.2%, Гутник: 1.2%, Пухаев: 0.9%, Трифонов: 93.9%, Усов: 2.8%
2412;Жигулевский;Приволжская;407;97.79;Гусейнов: 1.0%, Гутник: 1.3%, Пухаев: 0.2%, Трифонов: 95.0%, Усов: 2.5%
2413;Жигулевский;Приволжская;503;96.82;Гусейнов: 1.2%, Гутник: 1.4%, Пухаев: 1.0%, Трифонов: 94.2%, Усов: 2.0%
2414;Жигулевский;Приволжская;905;97.90;Гусейнов: 1.4%, Гутник: 1.1%, Пухаев: 1.2%, Трифонов: 95.0%, Усов: 1.2%
2415;Жигулевский;Приволжская;263;97.72;Гусейнов: 1.6%, Гутник: 0.8%, Пухаев: 1.6%, Трифонов: 94.9%, Усов: 1.2%
2416;Жигулевский;Приволжская;918;98.15;Гусейнов: 0.7%, Гутник: 0.9%, Пухаев: 0.6%, Трифонов: 94.5%, Усов: 2.9%
2417;Жигулевский;Приволжская;254;98.03;Гусейнов: 0.0%, Гутник: 0.8%, Пухаев: 1.2%, Трифонов: 95.2%, Усов: 2.8%
2418;Жигулевский;Приволжская;56;98.21;Гусейнов: 1.8%, Гутник: 1.8%, Пухаев: 1.8%, Трифонов: 94.5%, Усов: 0.0%
2419;Жигулевский;Приволжская;1877;95.74;Гусейнов: 0.4%, Гутник: 0.5%, Пухаев: 0.8%, Трифонов: 95.0%, Усов: 3.4%
2420;Жигулевский;Приволжская;597;95.48;Гусейнов: 0.3%, Гутник: 0.5%, Пухаев: 0.3%, Трифонов: 91.0%, Усов: 3.5%
2421;Жигулевский;Приволжская;1670;95.99;Гусейнов: 0.5%, Гутник: 1.1%, Пухаев: 0.6%, Трифонов: 92.9%, Усов: 2.7%
2422;Жигулевский;Приволжская;467;97.86;Гусейнов: 0.2%, Гутник: 0.0%, Пухаев: 0.2%, Трифонов: 95.2%, Усов: 4.4%
2423;Жигулевский;Приволжская;483;98.14;Гусейнов: 0.6%, Гутник: 0.6%, Пухаев: 0.6%, Трифонов: 94.1%, Усов: 4.0%
2424;Жигулевский;Приволжская;215;95.35;Гусейнов: 1.5%, Гутник: 2.4%, Пухаев: 1.0%, Трифонов: 94.2%, Усов: 1.0%
2425;Жигулевский;Приволжская;121;95.87;Гусейнов: 1.7%, Гутник: 0.9%, Пухаев: 0.9%, Трифонов: 94.8%, Усов: 1.7%
2426;Жигулевский;Приволжская;107;94.39;Гусейнов: 0.0%, Гутник: 0.0%, Пухаев: 0.0%, Трифонов: 100.0%, Усов: 0.0%
2427;Жигулевский;Приволжская;463;97.41;Гусейнов: 0.9%, Гутник: 0.4%, Пухаев: 0.2%, Трифонов: 92.7%, Усов: 4.4%
2428;Жигулевский;Приволжская;63;98.41;Гусейнов: 0.0%, Гутник: 1.6%, Пухаев: 0.0%, Трифонов: 95.2%, Усов: 3.2%
2429;Жигулевский;Приволжская;230;97.83;Гусейнов: 1.3%, Гутник: 1.8%, Пухаев: 0.9%, Трифонов: 93.8%, Усов: 2.2%
3501;Жигулевский;Ставропольская-162;1328;53.01;Гусейнов: 12.6%, Гутник: 12.4%, Пухаев: 7.4%, Трифонов: 36.4%, Усов: 22.7%
3502;Жигулевский;Ставропольская-162;536;84.51;Гусейнов: 3.1%, Гутник: 3.1%, Пухаев: 4.6%, Трифонов: 79.5%, Усов: 8.0%
3503;Жигулевский;Ставропольская-162;758;84.43;Гусейнов: 3.9%, Гутник: 3.1%, Пухаев: 3.1%, Трифонов: 81.2%, Усов: 7.5%
3504;Жигулевский;Ставропольская-162;1990;56.43;Гусейнов: 9.8%, Гутник: 3.8%, Пухаев: 6.2%, Трифонов: 67.8%, Усов: 8.6%
3505;Жигулевский;Ставропольская-162;804;50.50;Гусейнов: 7.1%, Гутник: 6.7%, Пухаев: 4.7%, Трифонов: 69.0%, Усов: 11.3%
3506;Жигулевский;Ставропольская-162;1128;56.74;Гусейнов: 14.5%, Гутник: 11.2%, Пухаев: 6.1%, Трифонов: 41.7%, Усов: 18.1%
3510;Жигулевский;Ставропольская-162;1954;83.47;Гусейнов: 2.3%, Гутник: 2.0%, Пухаев: 2.5%, Трифонов: 88.0%, Усов: 4.5%
3511;Жигулевский;Ставропольская-162;1849;84.05;Гусейнов: 4.4%, Гутник: 3.6%, Пухаев: 3.0%, Трифонов: 79.7%, Усов: 8.2%
3512;Жигулевский;Ставропольская-162;1045;65.17;Гусейнов: 9.3%, Гутник: 11.5%, Пухаев: 7.5%, Трифонов: 50.4%, Усов: 15.6%
3513;Жигулевский;Ставропольская-162;509;49.71;Гусейнов: 10.7%, Гутник: 15.8%, Пухаев: 4.0%, Трифонов: 39.5%, Усов: 20.2%
3521;Жигулевский;Ставропольская-162;301;69.44;Гусейнов: 4.8%, Гутник: 1.4%, Пухаев: 2.4%, Трифонов: 75.6%, Усов: 15.8%
3530;Жигулевский;Ставропольская-162;428;83.88;Гусейнов: 4.5%, Гутник: 0.6%, Пухаев: 1.9%, Трифонов: 89.4%, Усов: 3.3%
3531;Жигулевский;Ставропольская-162;1278;82.71;Гусейнов: 3.8%, Гутник: 6.6%, Пухаев: 3.8%, Трифонов: 74.4%, Усов: 10.6%
3538;Жигулевский;Ставропольская-162;1348;77.08;Гусейнов: 5.6%, Гутник: 5.0%, Пухаев: 4.8%, Трифонов: 75.1%, Усов: 7.7%
3539;Жигулевский;Ставропольская-162;1254;83.01;Гусейнов: 6.2%, Гутник: 3.2%, Пухаев: 2.9%, Трифонов: 76.4%, Усов: 7.4%
3540;Жигулевский;Ставропольская-162;2232;75.72;Гусейнов: 5.2%, Гутник: 1.1%, Пухаев: 7.2%, Трифонов: 78.0%, Усов: 8.3%
3541;Жигулевский;Ставропольская-162;2291;73.33;Гусейнов: 3.9%, Гутник: 4.3%, Пухаев: 5.1%, Трифонов: 74.5%, Усов: 10.8%
3542;Жигулевский;Ставропольская-162;2238;78.06;Гусейнов: 6.1%, Гутник: 4.2%, Пухаев: 4.9%, Трифонов: 72.9%, Усов: 9.0%
3544;Жигулевский;Ставропольская-162;2049;71.16;Гусейнов: 9.0%, Гутник: 1.6%, Пухаев: 8.8%, Трифонов: 68.7%, Усов: 10.8%
3547;Жигулевский;Ставропольская-162;1925;76.83;Гусейнов: 7.9%, Гутник: 1.8%, Пухаев: 2.8%, Трифонов: 72.8%, Усов: 13.7%
3601;Жигулевский;Сызранская;1071;83.10;Гусейнов: 1.9%, Гутник: 2.4%, Пухаев: 2.9%, Трифонов: 82.7%, Усов: 9.2%
3602;Жигулевский;Сызранская;767;92.31;Гусейнов: 3.0%, Гутник: 0.7%, Пухаев: 2.3%, Трифонов: 82.5%, Усов: 10.6%
3603;Жигулевский;Сызранская;1406;86.63;Гусейнов: 1.1%, Гутник: 2.3%, Пухаев: 3.5%, Трифонов: 82.0%, Усов: 10.8%
3605;Жигулевский;Сызранская;221;95.02;Гусейнов: 0.5%, Гутник: 0.0%, Пухаев: 1.9%, Трифонов: 86.2%, Усов: 10.5%
3606;Жигулевский;Сызранская;484;96.28;Гусейнов: 2.6%, Гутник: 2.8%, Пухаев: 4.5%, Трифонов: 79.2%, Усов: 10.9%
3607;Жигулевский;Сызранская;971;92.89;Гусейнов: 1.0%, Гутник: 2.0%, Пухаев: 1.8%, Трифонов: 83.0%, Усов: 11.8%
3608;Жигулевский;Сызранская;651;75.27;Гусейнов: 1.4%, Гутник: 19.8%, Пухаев: 5.7%, Трифонов: 52.2%, Усов: 14.7%
3610;Жигулевский;Сызранская;142;99.30;Гусейнов: 4.3%, Гутник: 5.0%, Пухаев: 3.5%, Трифонов: 73.8%, Усов: 12.1%
3611;Жигулевский;Сызранская;382;95.03;Гусейнов: 4.1%, Гутник: 1.9%, Пухаев: 2.5%, Трифонов: 76.9%, Усов: 12.1%
3613;Жигулевский;Сызранская;703;95.31;Гусейнов: 1.9%, Гутник: 4.9%, Пухаев: 4.3%, Трифонов: 79.1%, Усов: 9.7%
3614;Жигулевский;Сызранская;1340;88.06;Гусейнов: 0.2%, Гутник: 6.9%, Пухаев: 0.8%, Трифонов: 79.0%, Усов: 11.9%
3615;Жигулевский;Сызранская;1205;88.71;Гусейнов: 2.6%, Гутник: 2.5%, Пухаев: 2.4%, Трифонов: 84.3%, Усов: 7.0%
3616;Жигулевский;Сызранская;182;81.32;Гусейнов: 0.0%, Гутник: 4.0%, Пухаев: 0.0%, Трифонов: 93.2%, Усов: 2.7%
3617;Жигулевский;Сызранская;1062;95.76;Гусейнов: 1.9%, Гутник: 2.4%, Пухаев: 1.7%, Трифонов: 84.7%, Усов: 8.8%
3618;Жигулевский;Сызранская;409;94.38;Гусейнов: 0.8%, Гутник: 2.1%, Пухаев: 1.8%, Трифонов: 92.0%, Усов: 3.4%
3619;Жигулевский;Сызранская;436;95.41;Гусейнов: 4.6%, Гутник: 6.0%, Пухаев: 3.6%, Трифонов: 81.5%, Усов: 3.9%
3620;Жигулевский;Сызранская;169;92.90;Гусейнов: 2.5%, Гутник: 5.7%, Пухаев: 3.8%, Трифонов: 82.2%, Усов: 5.1%
3621;Жигулевский;Сызранская;347;91.64;Гусейнов: 5.3%, Гутник: 1.3%, Пухаев: 5.0%, Трифонов: 73.0%, Усов: 12.9%
3622;Жигулевский;Сызранская;647;89.95;Гусейнов: 0.5%, Гутник: 2.2%, Пухаев: 1.7%, Трифонов: 83.2%, Усов: 11.9%
3623;Жигулевский;Сызранская;1200;93.25;Гусейнов: 1.6%, Гутник: 1.7%, Пухаев: 1.7%, Трифонов: 82.0%, Усов: 13.0%
3625;Жигулевский;Сызранская;245;99.59;Гусейнов: 2.9%, Гутник: 4.5%, Пухаев: 6.6%, Трифонов: 77.0%, Усов: 9.0%
3626;Жигулевский;Сызранская;840;96.19;Гусейнов: 3.5%, Гутник: 4.6%, Пухаев: 2.2%, Трифонов: 76.5%, Усов: 11.4%
3627;Жигулевский;Сызранская;551;91.83;Гусейнов: 1.4%, Гутник: 6.1%, Пухаев: 1.8%, Трифонов: 82.8%, Усов: 7.9%
3628;Жигулевский;Сызранская;604;87.42;Гусейнов: 12.1%, Гутник: 6.2%, Пухаев: 3.0%, Трифонов: 67.8%, Усов: 5.1%
3629;Жигулевский;Сызранская;1630;85.58;Гусейнов: 0.7%, Гутник: 1.3%, Пухаев: 3.8%, Трифонов: 81.9%, Усов: 12.0%
3701;Жигулевский;Сызранская городская;854;86.07;Гусейнов: 1.8%, Гутник: 3.5%, Пухаев: 2.0%, Трифонов: 85.6%, Усов: 6.7%
3702;Жигулевский;Сызранская городская;1005;77.31;Гусейнов: 1.3%, Гутник: 3.4%, Пухаев: 1.3%, Трифонов: 85.1%, Усов: 8.5%
3703;Жигулевский;Сызранская городская;1407;63.47;Гусейнов: 1.9%, Гутник: 6.4%, Пухаев: 4.7%, Трифонов: 78.2%, Усов: 7.8%
3704;Жигулевский;Сызранская городская;714;82.07;Гусейнов: 5.3%, Гутник: 7.3%, Пухаев: 4.6%, Трифонов: 76.5%, Усов: 6.3%
3705;Жигулевский;Сызранская городская;1149;85.29;Гусейнов: 0.3%, Гутник: 3.8%, Пухаев: 0.8%, Трифонов: 89.8%, Усов: 3.7%
3706;Жигулевский;Сызранская городская;967;72.49;Гусейнов: 3.9%, Гутник: 6.8%, Пухаев: 3.3%, Трифонов: 72.2%, Усов: 12.1%
3707;Жигулевский;Сызранская городская;1316;69.91;Гусейнов: 2.2%, Гутник: 4.5%, Пухаев: 4.2%, Трифонов: 76.2%, Усов: 9.9%
3708;Жигулевский;Сызранская городская;1639;59.55;Гусейнов: 1.7%, Гутник: 5.6%, Пухаев: 3.9%, Трифонов: 74.9%, Усов: 9.2%
3709;Жигулевский;Сызранская городская;1758;62.68;Гусейнов: 2.4%, Гутник: 3.7%, Пухаев: 2.3%, Трифонов: 79.2%, Усов: 10.5%
3710;Жигулевский;Сызранская городская;1623;63.59;Гусейнов: 4.3%, Гутник: 8.2%, Пухаев: 6.6%, Трифонов: 62.8%, Усов: 14.3%
3711;Жигулевский;Сызранская городская;1709;51.32;Гусейнов: 6.7%, Гутник: 6.8%, Пухаев: 5.9%, Трифонов: 64.9%, Усов: 9.6%
3712;Жигулевский;Сызранская городская;1297;53.66;Гусейнов: 4.3%, Гутник: 10.2%, Пухаев: 4.7%, Трифонов: 67.4%, Усов: 12.5%
3713;Жигулевский;Сызранская городская;1384;59.18;Гусейнов: 4.8%, Гутник: 11.0%, Пухаев: 7.8%, Трифонов: 57.9%, Усов: 15.1%
3714;Жигулевский;Сызранская городская;2002;49.70;Гусейнов: 7.0%, Гутник: 13.1%, Пухаев: 10.1%, Трифонов: 41.3%, Усов: 22.1%
3715;Жигулевский;Сызранская городская;2094;54.06;Гусейнов: 5.1%, Гутник: 9.5%, Пухаев: 7.4%, Трифонов: 58.5%, Усов: 14.6%
3716;Жигулевский;Сызранская городская;1677;67.26;Гусейнов: 5.6%, Гутник: 5.2%, Пухаев: 5.0%, Трифонов: 65.2%, Усов: 18.3%
3717;Жигулевский;Сызранская городская;1512;68.52;Гусейнов: 3.9%, Гутник: 9.8%, Пухаев: 6.1%, Трифонов: 60.1%, Усов: 16.9%
3718;Жигулевский;Сызранская городская;2307;66.62;Гусейнов: 5.7%, Гутник: 7.5%, Пухаев: 7.0%, Трифонов: 57.5%, Усов: 17.0%
3719;Жигулевский;Сызранская городская;2542;62.55;Гусейнов: 6.1%, Гутник: 11.4%, Пухаев: 7.4%, Трифонов: 56.2%, Усов: 18.1%
3720;Жигулевский;Сызранская городская;1728;70.02;Гусейнов: 5.5%, Гутник: 10.8%, Пухаев: 5.5%, Трифонов: 63.4%, Усов: 14.8%
3721;Жигулевский;Сызранская городская;2296;74.83;Гусейнов: 2.0%, Гутник: 3.0%, Пухаев: 3.0%, Трифонов: 68.6%, Усов: 22.9%
3722;Жигулевский;Сызранская городская;2503;79.62;Гусейнов: 4.0%, Гутник: 5.0%, Пухаев: 6.0%, Трифонов: 71.0%, Усов: 12.7%
3723;Жигулевский;Сызранская городская;1477;68.92;Гусейнов: 8.1%, Гутник: 10.3%, Пухаев: 5.2%, Трифонов: 53.5%, Усов: 17.4%
3724;Жигулевский;Сызранская городская;2005;72.82;Гусейнов: 4.6%, Гутник: 7.7%, Пухаев: 6.4%, Трифонов: 67.5%, Усов: 13.1%
3725;Жигулевский;Сызранская городская;1929;52.46;Гусейнов: 7.0%, Гутник: 14.2%, Пухаев: 8.8%, Трифонов: 42.9%, Усов: 21.9%
3726;Жигулевский;Сызранская городская;2244;69.88;Гусейнов: 2.6%, Гутник: 7.8%, Пухаев: 4.4%, Трифонов: 70.0%, Усов: 10.7%
3727;Жигулевский;Сызранская городская;1608;69.47;Гусейнов: 5.1%, Гутник: 10.5%, Пухаев: 7.9%, Трифонов: 54.7%, Усов: 18.2%
3728;Жигулевский;Сызранская городская;1380;73.26;Гусейнов: 4.2%, Гутник: 11.4%, Пухаев: 8.0%, Трифонов: 59.4%, Усов: 14.2%
3729;Жигулевский;Сызранская городская;2272;60.52;Гусейнов: 5.5%, Гутник: 8.4%, Пухаев: 9.5%, Трифонов: 60.6%, Усов: 12.4%
3730;Жигулевский;Сызранская городская;1483;64.33;Гусейнов: 4.3%, Гутник: 9.6%, Пухаев: 6.2%, Трифонов: 64.0%, Усов: 12.8%
3731;Жигулевский;Сызранская городская;2082;53.65;Гусейнов: 3.8%, Гутник: 4.7%, Пухаев: 4.7%, Трифонов: 74.8%, Усов: 10.6%
3732;Жигулевский;Сызранская городская;721;60.19;Гусейнов: 5.8%, Гутник: 11.5%, Пухаев: 5.3%, Трифонов: 57.4%, Усов: 15.4%
3733;Жигулевский;Сызранская городская;1159;71.10;Гусейнов: 1.8%, Гутник: 0.6%, Пухаев: 9.3%, Трифонов: 68.8%, Усов: 16.4%
3734;Жигулевский;Сызранская городская;1871;65.47;Гусейнов: 4.9%, Гутник: 4.1%, Пухаев: 3.8%, Трифонов: 70.9%, Усов: 13.1%
3735;Жигулевский;Сызранская городская;561;59.71;Гусейнов: 8.1%, Гутник: 10.2%, Пухаев: 8.1%, Трифонов: 52.5%, Усов: 15.8%
3736;Жигулевский;Сызранская городская;1087;52.99;Гусейнов: 6.8%, Гутник: 12.0%, Пухаев: 9.7%, Трифонов: 49.1%, Усов: 16.8%
3737;Жигулевский;Сызранская городская;1815;74.21;Гусейнов: 6.4%, Гутник: 7.0%, Пухаев: 7.7%, Трифонов: 65.0%, Усов: 13.0%
3738;Жигулевский;Сызранская городская;1007;57.00;Гусейнов: 4.5%, Гутник: 8.2%, Пухаев: 7.0%, Трифонов: 55.8%, Усов: 18.1%
3739;Жигулевский;Сызранская городская;1343;64.78;Гусейнов: 7.6%, Гутник: 15.6%, Пухаев: 12.8%, Трифонов: 40.1%, Усов: 19.7%
3740;Жигулевский;Сызранская городская;802;66.71;Гусейнов: 6.4%, Гутник: 8.2%, Пухаев: 7.5%, Трифонов: 62.8%, Усов: 12.3%
3741;Жигулевский;Сызранская городская;1281;67.99;Гусейнов: 3.4%, Гутник: 7.5%, Пухаев: 4.6%, Трифонов: 69.9%, Усов: 11.0%
3742;Жигулевский;Сызранская городская;1946;67.21;Гусейнов: 3.4%, Гутник: 7.3%, Пухаев: 4.0%, Трифонов: 75.0%, Усов: 9.6%
3743;Жигулевский;Сызранская городская;1623;50.15;Гусейнов: 6.9%, Гутник: 13.0%, Пухаев: 8.0%, Трифонов: 38.6%, Усов: 27.8%
3744;Жигулевский;Сызранская городская;1364;60.34;Гусейнов: 5.7%, Гутник: 11.3%, Пухаев: 8.5%, Трифонов: 52.7%, Усов: 15.8%
3745;Жигулевский;Сызранская городская;1155;65.02;Гусейнов: 4.7%, Гутник: 8.8%, Пухаев: 5.9%, Трифонов: 61.5%, Усов: 15.4%
3746;Жигулевский;Сызранская городская;1321;70.63;Гусейнов: 5.1%, Гутник: 7.5%, Пухаев: 5.5%, Трифонов: 65.5%, Усов: 13.9%
3747;Жигулевский;Сызранская городская;943;66.60;Гусейнов: 6.2%, Гутник: 8.0%, Пухаев: 6.8%, Трифонов: 55.4%, Усов: 18.9%
3748;Жигулевский;Сызранская городская;1649;64.89;Гусейнов: 6.2%, Гутник: 9.9%, Пухаев: 5.7%, Трифонов: 57.8%, Усов: 17.3%
3749;Жигулевский;Сызранская городская;769;83.62;Гусейнов: 4.5%, Гутник: 2.2%, Пухаев: 2.0%, Трифонов: 75.7%, Усов: 12.9%
3750;Жигулевский;Сызранская городская;2333;62.92;Гусейнов: 6.6%, Гутник: 10.3%, Пухаев: 7.9%, Трифонов: 54.5%, Усов: 15.4%
3751;Жигулевский;Сызранская городская;1929;84.60;Гусейнов: 2.3%, Гутник: 4.2%, Пухаев: 2.8%, Трифонов: 82.7%, Усов: 5.7%
3752;Жигулевский;Сызранская городская;1337;62.75;Гусейнов: 2.6%, Гутник: 4.0%, Пухаев: 3.0%, Трифонов: 85.3%, Усов: 2.5%
3753;Жигулевский;Сызранская городская;1092;58.61;Гусейнов: 6.2%, Гутник: 9.2%, Пухаев: 7.3%, Трифонов: 60.5%, Усов: 16.7%
3754;Жигулевский;Сызранская городская;1778;86.95;Гусейнов: 3.3%, Гутник: 4.5%, Пухаев: 3.4%, Трифонов: 77.2%, Усов: 9.2%
3755;Жигулевский;Сызранская городская;1248;77.64;Гусейнов: 2.4%, Гутник: 3.8%, Пухаев: 1.8%, Трифонов: 80.1%, Усов: 12.0%
3756;Жигулевский;Сызранская городская;1351;65.95;Гусейнов: 6.2%, Гутник: 9.1%, Пухаев: 7.5%, Трифонов: 55.0%, Усов: 14.5%
3757;Жигулевский;Сызранская городская;283;84.81;Гусейнов: 3.3%, Гутник: 4.2%, Пухаев: 7.1%, Трифонов: 82.5%, Усов: 2.9%
3758;Жигулевский;Сызранская городская;2081;67.13;Гусейнов: 5.9%, Гутник: 4.9%, Пухаев: 7.2%, Трифонов: 66.6%, Усов: 14.0%
3759;Жигулевский;Сызранская городская;1572;59.80;Гусейнов: 5.8%, Гутник: 7.5%, Пухаев: 5.8%, Трифонов: 62.7%, Усов: 14.9%
3760;Жигулевский;Сызранская городская;246;100.00;Гусейнов: 3.2%, Гутник: 5.3%, Пухаев: 0.4%, Трифонов: 86.2%, Усов: 2.0%
3761;Жигулевский;Сызранская городская;32;100.00;Гусейнов: 0.0%, Гутник: 0.0%, Пухаев: 0.0%, Трифонов: 100.0%, Усов: 0.0%
3762;Жигулевский;Сызранская городская;1906;65.06;Гусейнов: 6.4%, Гутник: 9.0%, Пухаев: 5.0%, Трифонов: 61.9%, Усов: 14.3%
3763;Жигулевский;Сызранская городская;1706;75.38;Гусейнов: 7.8%, Гутник: 14.7%, Пухаев: 7.2%, Трифонов: 52.4%, Усов: 12.7%
3764;Жигулевский;Сызранская городская;1944;76.85;Гусейнов: 3.8%, Гутник: 5.9%, Пухаев: 4.7%, Трифонов: 55.3%, Усов: 9.2%
3765;Жигулевский;Сызранская городская;757;65.92;Гусейнов: 1.0%, Гутник: 3.4%, Пухаев: 5.2%, Трифонов: 76.5%, Усов: 13.0%
3766;Жигулевский;Сызранская городская;1942;78.32;Гусейнов: 9.9%, Гутник: 5.3%, Пухаев: 6.6%, Трифонов: 74.5%, Усов: 3.1%
3767;Жигулевский;Сызранская городская;596;75.17;Гусейнов: 6.0%, Гутник: 12.9%, Пухаев: 7.8%, Трифонов: 52.5%, Усов: 16.6%
3768;Жигулевский;Сызранская городская;2259;67.02;Гусейнов: 5.5%, Гутник: 10.6%, Пухаев: 3.6%, Трифонов: 59.4%, Усов: 19.1%
3769;Жигулевский;Сызранская городская;1967;81.14;Гусейнов: 3.7%, Гутник: 3.5%, Пухаев: 4.3%, Трифонов: 80.3%, Усов: 8.3%
3770;Жигулевский;Сызранская городская;1712;76.46;Гусейнов: 4.2%, Гутник: 6.2%, Пухаев: 5.5%, Трифонов: 69.8%, Усов: 13.6%
3771;Жигулевский;Сызранская городская;1319;76.57;Гусейнов: 4.1%, Гутник: 5.6%, Пухаев: 4.8%, Трифонов: 72.1%, Усов: 10.9%
3772;Жигулевский;Сызранская городская;1395;62.29;Гусейнов: 6.1%, Гутник: 10.2%, Пухаев: 8.5%, Трифонов: 57.1%, Усов: 15.1%
3773;Жигулевский;Сызранская городская;1145;61.14;Гусейнов: 8.0%, Гутник: 9.7%, Пухаев: 8.7%, Трифонов: 53.0%, Усов: 15.1%
3774;Жигулевский;Сызранская городская;1946;67.27;Гусейнов: 3.0%, Гутник: 5.0%, Пухаев: 1.4%, Трифонов: 78.7%, Усов: 12.0%
3775;Жигулевский;Сызранская городская;1319;79.68;Гусейнов: 3.2%, Гутник: 8.8%, Пухаев: 6.0%, Трифонов: 67.3%, Усов: 11.1%
3776;Жигулевский;Сызранская городская;499;79.36;Гусейнов: 2.0%, Гутник: 5.6%, Пухаев: 1.8%, Трифонов: 81.1%, Усов: 8.6%
3777;Жигулевский;Сызранская городская;937;66.70;Гусейнов: 6.7%, Гутник: 12.0%, Пухаев: 3.2%, Трифонов: 61.2%, Усов: 12.3%
3778;Жигулевский;Сызранская городская;1220;66.07;Гусейнов: 2.9%, Гутник: 6.2%, Пухаев: 4.5%, Трифонов: 70.1%, Усов: 12.3%
3779;Жигулевский;Сызранская городская;1737;71.33;Гусейнов: 4.5%, Гутник: 7.3%, Пухаев: 5.3%, Трифонов: 67.4%, Усов: 13.3%
3780;Жигулевский;Сызранская городская;523;52.01;Гусейнов: 3.7%, Гутник: 10.7%, Пухаев: 6.2%, Трифонов: 62.5%, Усов: 16.9%
3781;Жигулевский;Сызранская городская;396;100.00;Гусейнов: 0.2%, Гутник: 0.2%, Пухаев: 0.8%, Трифонов: 97.7%, Усов: 1.0%
3782;Жигулевский;Сызранская городская;75;97.33;Гусейнов: 19.2%, Гутник: 13.7%, Пухаев: 11.0%, Трифонов: 50.7%, Усов: 5.5%
3783;Жигулевский;Сызранская городская;48;95.83;Гусейнов: 2.2%, Гутник: 2.2%, Пухаев: 4.3%, Трифонов: 87.0%, Усов: 2.2%
3784;Жигулевский;Сызранская городская;1;100.00;Гусейнов: 0.0%, Гутник: 0.0%, Пухаев: 0.0%, Трифонов: 100.0%, Усов: 0.0%
3901;Жигулевский;Тольятти, Комсомольская;2853;45.39;Гусейнов: 18.4%, Гутник: 10.1%, Пухаев: 12.5%, Трифонов: 27.8%, Усов: 24.5%
3903;Жигулевский;Тольятти, Комсомольская;2814;47.37;Гусейнов: 20.7%, Гутник: 8.6%, Пухаев: 13.5%, Трифонов: 27.2%, Усов: 23.7%
3904;Жигулевский;Тольятти, Комсомольская;2079;44.88;Гусейнов: 14.4%, Гутник: 10.6%, Пухаев: 13.9%, Трифонов: 29.3%, Усов: 23.9%
3905;Жигулевский;Тольятти, Комсомольская;1870;47.49;Гусейнов: 16.9%, Гутник: 9.1%, Пухаев: 15.5%, Трифонов: 24.8%, Усов: 25.3%
3906;Жигулевский;Тольятти, Комсомольская;2073;51.66;Гусейнов: 17.4%, Гутник: 9.7%, Пухаев: 11.3%, Трифонов: 30.7%, Усов: 23.6%
3907;Жигулевский;Тольятти, Комсомольская;2147;45.78;Гусейнов: 19.8%, Гутник: 9.5%, Пухаев: 12.5%, Трифонов: 21.9%, Усов: 22.7%
3908;Жигулевский;Тольятти, Комсомольская;2109;45.09;Гусейнов: 19.8%, Гутник: 9.7%, Пухаев: 12.4%, Трифонов: 28.4%, Усов: 22.0%
3909;Жигулевский;Тольятти, Комсомольская;1737;42.03;Гусейнов: 20.4%, Гутник: 8.0%, Пухаев: 11.5%, Трифонов: 29.4%, Усов: 21.9%
3910;Жигулевский;Тольятти, Комсомольская;1849;41.21;Гусейнов: 25.7%, Гутник: 7.6%, Пухаев: 11.0%, Трифонов: 30.2%, Усов: 19.0%
3911;Жигулевский;Тольятти, Комсомольская;1508;39.59;Гусейнов: 22.5%, Гутник: 12.1%, Пухаев: 9.4%, Трифонов: 22.2%, Усов: 23.5%
3912;Жигулевский;Тольятти, Комсомольская;2071;43.80;Гусейнов: 16.3%, Гутник: 11.9%, Пухаев: 13.7%, Трифонов: 28.3%, Усов: 21.4%
3913;Жигулевский;Тольятти, Комсомольская;1677;44.48;Гусейнов: 21.4%, Гутник: 10.4%, Пухаев: 11.0%, Трифонов: 33.3%, Усов: 23.9%
3915;Жигулевский;Тольятти, Комсомольская;2786;45.48;Гусейнов: 19.6%, Гутник: 10.4%, Пухаев: 12.2%, Трифонов: 28.2%, Усов: 23.2%
3916;Жигулевский;Тольятти, Комсомольская;2703;44.77;Гусейнов: 21.8%, Гутник: 7.6%, Пухаев: 12.4%, Трифонов: 29.9%, Усов: 21.6%
3917;Жигулевский;Тольятти, Комсомольская;1720;51.69;Гусейнов: 15.5%, Гутник: 8.7%, Пухаев: 11.9%, Трифонов: 37.7%, Усов: 20.6%
3918;Жигулевский;Тольятти, Комсомольская;2040;42.06;Гусейнов: 22.6%, Гутник: 11.1%, Пухаев: 12.7%, Трифонов: 23.2%, Усов: 22.1%
3919;Жигулевский;Тольятти, Комсомольская;1953;46.24;Гусейнов: 20.0%, Гутник: 9.4%, Пухаев: 11.8%, Трифонов: 28.4%, Усов: 20.4%
3920;Жигулевский;Тольятти, Комсомольская;2628;43.99;Гусейнов: 19.3%, Гутник: 8.3%, Пухаев: 14.2%, Трифонов: 28.5%, Усов: 23.5%
3922;Жигулевский;Тольятти, Комсомольская;2733;45.81;Гусейнов: 18.8%, Гутник: 8.6%, Пухаев: 13.3%, Трифонов: 27.4%, Усов: 23.6%
3923;Жигулевский;Тольятти, Комсомольская;3226;42.96;Гусейнов: 16.7%, Гутник: 8.8%, Пухаев: 11.0%, Трифонов: 33.3%, Усов: 20.7%
3924;Жигулевский;Тольятти, Комсомольская;2975;46.82;Гусейнов: 17.9%, Гутник: 8.0%, Пухаев: 10.1%, Трифонов: 30.6%, Усов: 22.4%
3926;Жигулевский;Тольятти, Комсомольская;2622;38.90;Гусейнов: 19.3%, Гутник: 11.3%, Пухаев: 10.8%, Трифонов: 27.3%, Усов: 21.5%
3927;Жигулевский;Тольятти, Комсомольская;1830;41.31;Гусейнов: 20.4%, Гутник: 9.6%, Пухаев: 10.7%, Трифонов: 28.7%, Усов: 20.4%
3928;Жигулевский;Тольятти, Комсомольская;2034;43.61;Гусейнов: 18.8%, Гутник: 11.8%, Пухаев: 11.9%, Трифонов: 25.4%, Усов: 23.1%
3929;Жигулевский;Тольятти, Комсомольская;3007;41.87;Гусейнов: 16.3%, Гутник: 9.1%, Пухаев: 8.3%, Трифонов: 37.0%, Усов: 20.6%
3931;Жигулевский;Тольятти, Комсомольская;2950;47.42;Гусейнов: 18.7%, Гутник: 9.4%, Пухаев: 12.7%, Трифонов: 28.0%, Усов: 21.7%
3932;Жигулевский;Тольятти, Комсомольская;1949;43.92;Гусейнов: 18.9%, Гутник: 9.9%, Пухаев: 8.0%, Трифонов: 27.2%, Усов: 21.1%
3933;Жигулевский;Тольятти, Комсомольская;2065;41.07;Гусейнов: 17.7%, Гутник: 8.5%, Пухаев: 10.4%, Трифонов: 29.1%, Усов: 21.8%
3934;Жигулевский;Тольятти, Комсомольская;2230;43.00;Гусейнов: 19.6%, Гутник: 10.9%, Пухаев: 9.7%, Трифонов: 30.3%, Усов: 20.9%
3935;Жигулевский;Тольятти, Комсомольская;2079;39.83;Гусейнов: 20.2%, Гутник: 9.7%, Пухаев: 14.7%, Трифонов: 25.1%, Усов: 20.0%
3936;Жигулевский;Тольятти, Комсомольская;1814;37.43;Гусейнов: 19.5%, Гутник: 11.7%, Пухаев: 10.8%, Трифонов: 28.3%, Усов: 21.1%
3937;Жигулевский;Тольятти, Комсомольская;2956;51.93;Гусейнов: 14.8%, Гутник: 6.2%, Пухаев: 10.6%, Трифонов: 43.6%, Усов: 18.9%
3939;Жигулевский;Тольятти, Комсомольская;2061;45.61;Гусейнов: 14.0%, Гутник: 8.9%, Пухаев: 9.9%, Трифонов: 27.4%, Усов: 26.9%
3940;Жигулевский;Тольятти, Комсомольская;1917;52.79;Гусейнов: 17.6%, Гутник: 7.9%, Пухаев: 7.1%, Трифонов: 27.8%, Усов: 26.5%
3941;Жигулевский;Тольятти, Комсомольская;2025;53.98;Гусейнов: 16.8%, Гутник: 9.7%, Пухаев: 10.1%, Трифонов: 25.6%, Усов: 28.9%
4101;Жигулевский;Хворостянская;439;96.81;Гусейнов: 0.9%, Гутник: 0.0%, Пухаев: 2.4%, Трифонов: 96.7%, Усов: 0.0%
4102;Жигулевский;Хворостянская;577;97.57;Гусейнов: 0.7%, Гутник: 1.8%, Пухаев: 1.1%, Трифонов: 94.7%, Усов: 1.4%
4103;Жигулевский;Хворостянская;232;99.14;Гусейнов: 0.0%, Гутник: 0.4%, Пухаев: 1.7%, Трифонов: 97.8%, Усов: 0.0%
4104;Жигулевский;Хворостянская;794;97.98;Гусейнов: 1.9%, Гутник: 1.9%, Пухаев: 1.9%, Трифонов: 91.9%, Усов: 1.8%
4105;Жигулевский;Хворостянская;151;98.01;Гусейнов: 2.0%, Гутник: 0.0%, Пухаев: 6.8%, Трифонов: 91.2%, Усов: 0.0%
4106;Жигулевский;Хворостянская;84;98.81;Гусейнов: 0.0%, Гутник: 1.2%, Пухаев: 0.0%, Трифонов: 96.4%, Усов: 2.4%
4107;Жигулевский;Хворостянская;434;98.16;Гусейнов: 0.2%, Гутник: 2.1%, Пухаев: 0.2%, Трифонов: 95.1%, Усов: 1.4%
4108;Жигулевский;Хворостянская;211;99.05;Гусейнов: 0.5%, Гутник: 1.0%, Пухаев: 0.0%, Трифонов: 98.1%, Усов: 0.5%
4109;Жигулевский;Хворостянская;288;98.26;Гусейнов: 0.3%, Гутник: 1.8%, Пухаев: 0.3%, Трифонов: 95.4%, Усов: 2.1%
4110;Жигулевский;Хворостянская;303;98.02;Гусейнов: 1.4%, Гутник: 1.0%, Пухаев: 1.0%, Трифонов: 92.3%, Усов: 4.4%
4111;Жигулевский;Хворостянская;636;97.01;Гусейнов: 1.5%, Гутник: 2.9%, Пухаев: 0.3%, Трифонов: 91.2%, Усов: 3.7%
4112;Жигулевский;Хворостянская;651;97.54;Гусейнов: 1.9%, Гутник: 1.4%, Пухаев: 2.0%, Трифонов: 93.1%, Усов: 1.6%
4113;Жигулевский;Хворостянская;138;98.55;Гусейнов: 0.0%, Гутник: 1.5%, Пухаев: 0.0%, Трифонов: 95.6%, Усов: 2.9%
4114;Жигулевский;Хворостянская;357;98.32;Гусейнов: 1.7%, Гутник: 0.0%, Пухаев: 0.0%, Трифонов: 95.2%, Усов: 2.6%
4115;Жигулевский;Хворостянская;104;98.08;Гусейнов: 0.0%, Гутник: 0.0%, Пухаев: 0.0%, Трифонов: 97.1%, Усов: 2.9%
4116;Жигулевский;Хворостянская;162;97.53;Гусейнов: 4.4%, Гутник: 5.7%, Пухаев: 7.0%, Трифонов: 72.2%, Усов: 10.8%
4117;Жигулевский;Хворостянская;71;98.59;Гусейнов: 0.0%, Гутник: 0.0%, Пухаев: 2.9%, Трифонов: 94.3%, Усов: 2.9%
4118;Жигулевский;Хворостянская;469;98.08;Гусейнов: 1.1%, Гутник: 1.5%, Пухаев: 0.9%, Трифонов: 93.3%, Усов: 2.6%
4119;Жигулевский;Хворостянская;183;98.36;Гусейнов: 1.7%, Гутник: 0.6%, Пухаев: 1.1%, Трифонов: 96.1%, Усов: 0.6%
4120;Жигулевский;Хворостянская;1355;97.27;Гусейнов: 1.0%, Гутник: 2.0%, Пухаев: 1.0%, Трифонов: 95.1%, Усов: 1.0%
4121;Жигулевский;Хворостянская;1003;97.61;Гусейнов: 1.3%, Гутник: 1.1%, Пухаев: 0.2%, Трифонов: 96.1%, Усов: 1.2%
4122;Жигулевский;Хворостянская;1137;98.94;Гусейнов: 1.9%, Гутник: 1.3%, Пухаев: 0.4%, Трифонов: 94.9%, Усов: 1.5%
4201;Жигулевский;Чапаевская городская;2391;57.51;Гусейнов: 6.3%, Гутник: 11.3%, Пухаев: 10.6%, Трифонов: 41.0%, Усов: 23.9%
4202;Жигулевский;Чапаевская городская;2335;43.85;Гусейнов: 5.7%, Гутник: 8.2%, Пухаев: 7.8%, Трифонов: 60.6%, Усов: 14.6%
4203;Жигулевский;Чапаевская городская;1054;81.02;Гусейнов: 2.8%, Гутник: 3.8%, Пухаев: 1.4%, Трифонов: 84.9%, Усов: 6.2%
4204;Жигулевский;Чапаевская городская;1320;58.26;Гусейнов: 5.1%, Гутник: 8.8%, Пухаев: 12.1%, Трифонов: 50.2%, Усов: 18.5%
4205;Жигулевский;Чапаевская городская;2322;81.22;Гусейнов: 1.9%, Гутник: 4.0%, Пухаев: 0.4%, Трифонов: 83.5%, Усов: 8.8%
4206;Жигулевский;Чапаевская городская;1226;60.36;Гусейнов: 3.6%, Гутник: 5.3%, Пухаев: 6.1%, Трифонов: 66.0%, Усов: 13.4%
4207;Жигулевский;Чапаевская городская;1349;52.41;Гусейнов: 7.9%, Гутник: 14.1%, Пухаев: 11.7%, Трифонов: 32.1%, Усов: 25.3%
4208;Жигулевский;Чапаевская городская;1116;52.69;Гусейнов: 10.9%, Гутник: 12.4%, Пухаев: 14.1%, Трифонов: 30.3%, Усов: 22.8%
4209;Жигулевский;Чапаевская городская;1227;66.50;Гусейнов: 6.0%, Гутник: 9.5%, Пухаев: 9.0%, Трифонов: 52.6%, Усов: 17.2%
4210;Жигулевский;Чапаевская городская;1146;87.00;Гусейнов: 5.1%, Гутник: 6.5%, Пухаев: 6.5%, Трифонов: 66.5%, Усов: 11.1%
4211;Жигулевский;Чапаевская городская;1255;88.92;Гусейнов: 5.1%, Гутник: 7.3%, Пухаев: 6.5%, Трифонов: 65.1%, Усов: 11.5%
4212;Жигулевский;Чапаевская городская;1107;64.68;Гусейнов: 5.7%, Гутник: 6.8%, Пухаев: 9.1%, Трифонов: 57.1%, Усов: 14.7%
4213;Жигулевский;Чапаевская городская;1395;57.56;Гусейнов: 7.5%, Гутник: 10.2%, Пухаев: 8.2%, Трифонов: 52.2%, Усов: 16.2%
4214;Жигулевский;Чапаевская городская;1413;72.33;Гусейнов: 6.5%, Гутник: 9.4%, Пухаев: 8.5%, Трифонов: 54.8%, Усов: 15.5%
4215;Жигулевский;Чапаевская городская;1300;79.00;Гусейнов: 5.5%, Гутник: 5.9%, Пухаев: 7.3%, Трифонов: 65.5%, Усов: 11.4%
4216;Жигулевский;Чапаевская городская;741;80.57;Гусейнов: 3.9%, Гутник: 5.0%, Пухаев: 6.2%, Трифонов: 60.1%, Усов: 10.4%
4217;Жигулевский;Чапаевская городская;1055;85.88;Гусейнов: 4.5%, Гутник: 7.2%, Пухаев: 6.6%, Трифонов: 71.4%, Усов: 8.0%
4218;Жигулевский;Чапаевская городская;848;66.98;Гусейнов: 3.2%, Гутник: 1.9%, Пухаев: 2.8%, Трифонов: 77.8%, Усов: 10.8%
4219;Жигулевский;Чапаевская городская;1239;69.17;Гусейнов: 5.5%, Гутник: 8.6%, Пухаев: 9.1%, Трифонов: 61.7%, Усов: 15.1%
4220;Жигулевский;Чапаевская городская;1198;55.18;Гусейнов: 7.4%, Гутник: 10.0%, Пухаев: 13.6%, Трифонов: 44.5%, Усов: 15.9%
4221;Жигулевский;Чапаевская городская;929;61.14;Гусейнов: 6.2%, Гутник: 9.5%, Пухаев: 9.9%, Трифонов: 54.0%, Усов: 16.2%
4222;Жигулевский;Чапаевская городская;779;85.24;Гусейнов: 5.7%, Гутник: 5.7%, Пухаев: 6.9%, Трифонов: 61.8%, Усов: 14.9%
4223;Жигулевский;Чапаевская городская;553;81.01;Гусейнов: 4.5%, Гутник: 5.6%, Пухаев: 8.7%, Трифонов: 66.5%, Усов: 9.8%
4224;Жигулевский;Чапаевская городская;768;81.38;Гусейнов: 4.5%, Гутник: 6.2%, Пухаев: 5.1%, Трифонов: 70.6%, Усов: 8.8%
4225;Жигулевский;Чапаевская городская;1006;23.26;Гусейнов: 8.6%, Гутник: 12.8%, Пухаев: 13.7%, Трифонов: 36.3%, Усов: 17.1%
4226;Жигулевский;Чапаевская городская;1096;80.02;Гусейнов: 7.5%, Гутник: 7.2%, Пухаев: 6.9%, Трифонов: 63.3%, Усов: 13.5%
4227;Жигулевский;Чапаевская городская;2607;35.52;Гусейнов: 9.8%, Гутник: 11.0%, Пухаев: 12.8%, Трифонов: 36.2%, Усов: 20.3%
4228;Жигулевский;Чапаевская городская;2321;47.74;Гусейнов: 6.2%, Гутник: 10.7%, Пухаев: 9.7%, Трифонов: 52.8%, Усов: 14.6%
4229;Жигулевский;Чапаевская городская;2428;49.05;Гусейнов: 6.0%, Гутник: 9.5%, Пухаев: 8.8%, Трифонов: 51.9%, Усов: 22.2%
4230;Жигулевский;Чапаевская городская;2415;51.43;Гусейнов: 7.5%, Гутник: 7.9%, Пухаев: 10.8%, Трифонов: 49.3%, Усов: 18.8%
4231;Жигулевский;Чапаевская городская;2496;52.88;Гусейнов: 5.2%, Гутник: 10.5%, Пухаев: 12.1%, Трифонов: 49.0%, Усов: 17.7%
4232;Жигулевский;Чапаевская городская;1396;62.46;Гусейнов: 5.2%, Гутник: 9.2%, Пухаев: 8.5%, Трифонов: 57.6%, Усов: 13.0%
4233;Жигулевский;Чапаевская городская;1004;60.26;Гусейнов: 6.1%, Гутник: 9.6%, Пухаев: 11.2%, Трифонов: 45.0%, Усов: 17.7%
4234;Жигулевский;Чапаевская городская;2246;52.45;Гусейнов: 8.5%, Гутник: 11.4%, Пухаев: 11.6%, Трифонов: 38.8%, Усов: 21.1%
4501;Жигулевский;Шигонская;408;81.86;Гусейнов: 5.4%, Гутник: 7.5%, Пухаев: 5.1%, Трифонов: 71.3%, Усов: 6.9%
4502;Жигулевский;Шигонская;177;92.09;Гусейнов: 5.5%, Гутник: 2.5%, Пухаев: 4.3%, Трифонов: 82.2%, Усов: 5.5%
4503;Жигулевский;Шигонская;441;90.25;Гусейнов: 6.3%, Гутник: 4.5%, Пухаев: 0.5%, Трифонов: 76.8%, Усов: 11.8%
4504;Жигулевский;Шигонская;428;85.05;Гусейнов: 1.9%, Гутник: 9.9%, Пухаев: 5.2%, Трифонов: 70.0%, Усов: 12.9%
4505;Жигулевский;Шигонская;828;98.91;Гусейнов: 1.6%, Гутник: 5.6%, Пухаев: 0.8%, Трифонов: 85.6%, Усов: 6.3%
4506;Жигулевский;Шигонская;901;93.67;Гусейнов: 4.2%, Гутник: 6.2%, Пухаев: 5.7%, Трифонов: 74.9%, Усов: 7.7%
4507;Жигулевский;Шигонская;1197;83.88;Гусейнов: 3.7%, Гутник: 5.6%, Пухаев: 5.2%, Трифонов: 74.2%, Усов: 11.1%
4508;Жигулевский;Шигонская;1215;91.36;Гусейнов: 3.8%, Гутник: 4.9%, Пухаев: 3.6%, Трифонов: 74.6%, Усов: 12.6%
4510;Жигулевский;Шигонская;855;89.24;Гусейнов: 3.0%, Гутник: 5.4%, Пухаев: 2.9%, Трифонов: 75.8%, Усов: 12.3%
4511;Жигулевский;Шигонская;667;86.66;Гусейнов: 6.8%, Гутник: 3.5%, Пухаев: 2.6%, Трифонов: 73.5%, Усов: 13.7%
4512;Жигулевский;Шигонская;614;95.44;Гусейнов: 3.2%, Гутник: 3.6%, Пухаев: 4.6%, Трифонов: 85.2%, Усов: 3.4%
4513;Жигулевский;Шигонская;199;97.99;Гусейнов: 1.5%, Гутник: 2.6%, Пухаев: 1.0%, Трифонов: 91.3%, Усов: 3.6%
4514;Жигулевский;Шигонская;287;88.15;Гусейнов: 5.5%, Гутник: 5.5%, Пухаев: 2.0%, Трифонов: 85.4%, Усов: 1.6%
4515;Жигулевский;Шигонская;157;92.36;Гусейнов: 2.1%, Гутник: 4.1%, Пухаев: 5.5%, Трифонов: 85.5%, Усов: 2.8%
4516;Жигулевский;Шигонская;906;80.57;Гусейнов: 5.3%, Гутник: 5.2%, Пухаев: 4.4%, Трифонов: 71.0%, Усов: 14.1%
4517;Жигулевский;Шигонская;152;92.76;Гусейнов: 8.5%, Гутник: 7.1%, Пухаев: 5.0%, Трифонов: 74.5%, Усов: 5.0%
4518;Жигулевский;Шигонская;349;92.55;Гусейнов: 2.8%, Гутник: 8.7%, Пухаев: 2.2%, Трифонов: 71.8%, Усов: 13.3%
4519;Жигулевский;Шигонская;144;84.72;Гусейнов: 2.5%, Гутник: 17.2%, Пухаев: 0.0%, Трифонов: 71.3%, Усов: 9.0%
4520;Жигулевский;Шигонская;411;92.21;Гусейнов: 3.4%, Гутник: 2.6%, Пухаев: 2.9%, Трифонов: 85.5%, Усов: 3.2%
4521;Жигулевский;Шигонская;283;85.87;Гусейнов: 0.8%, Гутник: 2.9%, Пухаев: 5.8%, Трифонов: 78.2%, Усов: 12.3%
4522;Жигулевский;Шигонская;585;89.06;Гусейнов: 3.8%, Гутник: 7.5%, Пухаев: 3.8%, Трифонов: 79.1%, Усов: 5.8%
4523;Жигулевский;Шигонская;592;91.72;Гусейнов: 4.6%, Гутник: 7.7%, Пухаев: 2.6%, Трифонов: 79.4%, Усов: 5.7%
4524;Жигулевский;Шигонская;1248;79.17;Гусейнов: 3.5%, Гутник: 7.7%, Пухаев: 7.4%, Трифонов: 69.2%, Усов: 10.5%
4525;Жигулевский;Шигонская;303;91.75;Гусейнов: 7.2%, Гутник: 6.1%, Пухаев: 4.7%, Трифонов: 65.5%, Усов: 15.5%
301;Промышленный;Богатовская;513;92.59;Венедиктов: 5.5%, Живайкин: 59.8%, Матвеев: 14.9%, Минаев: 3.6%, Плетнева: 10.3%, Саранцева: 3.6%
302;Промышленный;Богатовская;311;84.89;Венедиктов: 9.5%, Живайкин: 31.4%, Матвеев: 23.5%, Минаев: 6.4%, Плетнева: 6.1%, Саранцева: 6.8%
303;Промышленный;Богатовская;440;87.95;Венедиктов: 4.4%, Живайкин: 58.1%, Матвеев: 21.4%, Минаев: 4.7%, Плетнева: 4.7%, Саранцева: 4.4%
304;Промышленный;Богатовская;1663;55.32;Венедиктов: 8.4%, Живайкин: 52.6%, Матвеев: 22.0%, Минаев: 2.9%, Плетнева: 6.4%, Саранцева: 7.7%
305;Промышленный;Богатовская;1168;80.57;Венедиктов: 7.0%, Живайкин: 56.8%, Матвеев: 14.3%, Минаев: 3.1%, Плетнева: 4.5%, Саранцева: 7.7%
306;Промышленный;Богатовская;1757;87.48;Венедиктов: 5.3%, Живайкин: 64.2%, Матвеев: 13.3%, Минаев: 2.9%, Плетнева: 2.7%, Саранцева: 4.2%
307;Промышленный;Богатовская;168;88.10;Венедиктов: 12.2%, Живайкин: 41.9%, Матвеев: 25.0%, Минаев: 5.4%, Плетнева: 6.8%, Саранцева: 4.0%
308;Промышленный;Богатовская;449;94.43;Венедиктов: 6.1%, Живайкин: 71.7%, Матвеев: 12.5%, Минаев: 2.4%, Плетнева: 2.6%, Саранцева: 3.3%
309;Промышленный;Богатовская;625;93.76;Венедиктов: 5.0%, Живайкин: 80.4%, Матвеев: 6.7%, Минаев: 2.0%, Плетнева: 3.1%, Саранцева: 2.6%
310;Промышленный;Богатовская;569;92.27;Венедиктов: 4.8%, Живайкин: 60.8%, Матвеев: 20.0%, Минаев: 4.0%, Плетнева: 2.9%, Саранцева: 3.6%
311;Промышленный;Богатовская;604;81.62;Венедиктов: 8.9%, Живайкин: 57.2%, Матвеев: 20.9%, Минаев: 4.5%, Плетнева: 3.0%, Саранцева: 2.6%
312;Промышленный;Богатовская;671;90.01;Венедиктов: 6.1%, Живайкин: 45.5%, Матвеев: 9.9%, Минаев: 5.3%, Плетнева: 7.6%, Саранцева: 18.5%
313;Промышленный;Богатовская;373;89.81;Венедиктов: 11.0%, Живайкин: 59.7%, Матвеев: 14.3%, Минаев: 6.0%, Плетнева: 3.9%, Саранцева: 3.0%
314;Промышленный;Богатовская;561;90.73;Венедиктов: 3.1%, Живайкин: 73.9%, Матвеев: 12.2%, Минаев: 3.9%, Плетнева: 3.3%, Саранцева: 1.8%
315;Промышленный;Богатовская;348;70.11;Венедиктов: 8.2%, Живайкин: 51.2%, Матвеев: 17.2%, Минаев: 4.9%, Плетнева: 4.9%, Саранцева: 4.9%
316;Промышленный;Богатовская;295;90.17;Венедиктов: 4.9%, Живайкин: 72.6%, Матвеев: 13.5%, Минаев: 2.6%, Плетнева: 4.5%, Саранцева: 1.9%
601;Промышленный;Борская;298;82.89;Венедиктов: 5.7%, Живайкин: 69.2%, Матвеев: 18.2%, Минаев: 2.4%, Плетнева: 2.4%, Саранцева: 0.4%
603;Промышленный;Борская;1268;94.87;Венедиктов: 7.5%, Живайкин: 56.6%, Матвеев: 18.0%, Минаев: 4.7%, Плетнева: 5.2%, Саранцева: 3.7%
604;Промышленный;Борская;1157;97.06;Венедиктов: 3.4%, Живайкин: 69.3%, Матвеев: 13.8%, Минаев: 4.0%, Плетнева: 3.3%, Саранцева: 3.3%
605;Промышленный;Борская;1294;100.00;Венедиктов: 5.0%, Живайкин: 59.6%, Матвеев: 19.1%, Минаев: 5.3%, Плетнева: 5.0%, Саранцева: 3.1%
606;Промышленный;Борская;1193;99.33;Венедиктов: 5.8%, Живайкин: 63.9%, Матвеев: 17.9%, Минаев: 3.1%, Плетнева: 3.9%, Саранцева: 1.6%
607;Промышленный;Борская;1210;91.57;Венедиктов: 5.3%, Живайкин: 60.6%, Матвеев: 18.1%, Минаев: 4.7%, Плетнева: 3.6%, Саранцева: 3.3%
608;Промышленный;Борская;609;96.22;Венедиктов: 1.2%, Живайкин: 93.7%, Матвеев: 3.1%, Минаев: 1.0%, Плетнева: 0.3%, Саранцева: 0.2%
611;Промышленный;Борская;283;98.59;Венедиктов: 0.7%, Живайкин: 90.7%, Матвеев: 6.5%, Минаев: 1.4%, Плетнева: 0.4%, Саранцева: 0.4%
612;Промышленный;Борская;482;97.93;Венедиктов: 1.1%, Живайкин: 88.3%, Матвеев: 8.1%, Минаев: 1.3%, Плетнева: 0.4%, Саранцева: 0.8%
614;Промышленный;Борская;388;94.33;Венедиктов: 1.1%, Живайкин: 91.0%, Матвеев: 3.8%, Минаев: 1.6%, Плетнева: 0.8%, Саранцева: 0.6%
615;Промышленный;Борская;643;93.62;Венедиктов: 13.0%, Живайкин: 72.3%, Матвеев: 8.0%, Минаев: 2.5%, Плетнева: 2.0%, Саранцева: 1.5%
617;Промышленный;Борская;815;98.28;Венедиктов: 0.4%, Живайкин: 97.2%, Матвеев: 2.0%, Минаев: 0.2%, Плетнева: 0.0%, Саранцева: 0.1%
618;Промышленный;Борская;749;98.53;Венедиктов: 0.8%, Живайкин: 95.4%, Матвеев: 1.9%, Минаев: 0.3%, Плетнева: 0.7%, Саранцева: 0.5%
619;Промышленный;Борская;1335;99.78;Венедиктов: 4.4%, Живайкин: 65.1%, Матвеев: 18.1%, Минаев: 3.0%, Плетнева: 3.5%, Саранцева: 2.6%
621;Промышленный;Борская;677;98.08;Венедиктов: 3.3%, Живайкин: 89.3%, Матвеев: 4.8%, Минаев: 0.8%, Плетнева: 0.6%, Саранцева: 0.9%
623;Промышленный;Борская;472;91.95;Венедиктов: 1.1%, Живайкин: 86.9%, Матвеев: 6.0%, Минаев: 1.8%, Плетнева: 1.4%, Саранцева: 1.4%
624;Промышленный;Борская;566;98.06;Венедиктов: 0.0%, Живайкин: 95.9%, Матвеев: 4.1%, Минаев: 0.0%, Плетнева: 0.0%, Саранцева: 0.0%
627;Промышленный;Борская;574;99.65;Венедиктов: 3.9%, Живайкин: 78.2%, Матвеев: 12.8%, Минаев: 1.8%, Плетнева: 1.9%, Саранцева: 0.9%
630;Промышленный;Борская;368;97.55;Венедиктов: 0.8%, Живайкин: 87.5%, Матвеев: 8.6%, Минаев: 0.3%, Плетнева: 1.1%, Саранцева: 0.3%
632;Промышленный;Борская;270;99.26;Венедиктов: 0.4%, Живайкин: 90.7%, Матвеев: 5.6%, Минаев: 1.5%, Плетнева: 0.8%, Саранцева: 1.1%
718;Промышленный;Волжская-163;1387;67.84;Венедиктов: 2.2%, Живайкин: 69.0%, Матвеев: 19.2%, Минаев: 2.9%, Плетнева: 1.9%, Саранцева: 2.5%
721;Промышленный;Волжская-163;1106;37.61;Венедиктов: 8.0%, Живайкин: 29.2%, Матвеев: 34.5%, Минаев: 3.4%, Плетнева: 9.2%, Саранцева: 7.5%
722;Промышленный;Волжская-163;1005;47.36;Венедиктов: 7.1%, Живайкин: 28.6%, Матвеев: 43.7%, Минаев: 3.8%, Плетнева: 5.7%, Саранцева: 6.5%
723;Промышленный;Волжская-163;1114;51.17;Венедиктов: 11.4%, Живайкин: 26.8%, Матвеев: 39.6%, Минаев: 3.5%, Плетнева: 6.5%, Саранцева: 6.0%
724;Промышленный;Волжская-163;1155;58.87;Венедиктов: 18.1%, Живайкин: 36.6%, Матвеев: 22.6%, Минаев: 4.6%, Плетнева: 7.9%, Саранцева: 4.0%
731;Промышленный;Волжская-163;779;87.80;Венедиктов: 2.9%, Живайкин: 82.8%, Матвеев: 4.4%, Минаев: 2.2%, Плетнева: 3.4%, Саранцева: 1.6%
733;Промышленный;Волжская-163;1933;63.68;Венедиктов: 7.5%, Живайкин: 61.7%, Матвеев: 15.3%, Минаев: 3.6%, Плетнева: 5.2%, Саранцева: 3.5%
734;Промышленный;Волжская-163;2380;89.45;Венедиктов: 8.7%, Живайкин: 53.7%, Матвеев: 17.6%, Минаев: 4.4%, Плетнева: 5.1%, Саранцева: 4.0%
735;Промышленный;Волжская-163;912;79.93;Венедиктов: 11.4%, Живайкин: 45.1%, Матвеев: 26.9%, Минаев: 3.6%, Плетнева: 5.5%, Саранцева: 7.5%
741;Промышленный;Волжская-163;409;65.28;Венедиктов: 9.0%, Живайкин: 33.3%, Матвеев: 35.2%, Минаев: 4.9%, Плетнева: 6.0%, Саранцева: 6.0%
742;Промышленный;Волжская-163;366;69.67;Венедиктов: 9.0%, Живайкин: 51.4%, Матвеев: 21.6%, Минаев: 4.3%, Плетнева: 5.9%, Саранцева: 6.3%
754;Промышленный;Волжская-163;2039;80.33;Венедиктов: 5.4%, Живайкин: 83.9%, Матвеев: 7.4%, Минаев: 2.0%, Плетнева: 0.4%, Саранцева: 0.6%
1301;Промышленный;Кинель-Черкасская;612;73.53;Венедиктов: 5.3%, Живайкин: 61.1%, Матвеев: 13.3%, Минаев: 6.7%, Плетнева: 3.8%, Саранцева: 4.7%
1303;Промышленный;Кинель-Черкасская;389;77.89;Венедиктов: 8.6%, Живайкин: 34.3%, Матвеев: 26.7%, Минаев: 6.3%, Плетнева: 6.6%, Саранцева: 5.9%
1304;Промышленный;Кинель-Черкасская;81;87.65;Венедиктов: 2.8%, Живайкин: 22.5%, Матвеев: 49.3%, Минаев: 7.0%, Плетнева: 5.6%, Саранцева: 5.6%
1305;Промышленный;Кинель-Черкасская;386;73.32;Венедиктов: 8.5%, Живайкин: 53.4%, Матвеев: 17.3%, Минаев: 4.6%, Плетнева: 6.4%, Саранцева: 2.8%
1306;Промышленный;Кинель-Черкасская;156;90.38;Венедиктов: 7.8%, Живайкин: 56.0%, Матвеев: 19.9%, Минаев: 5.7%, Плетнева: 5.7%, Саранцева: 3.5%
1307;Промышленный;Кинель-Черкасская;115;83.48;Венедиктов: 15.6%, Живайкин: 42.7%, Матвеев: 17.7%, Минаев: 6.2%, Плетнева: 2.1%, Саранцева: 8.3%
1308;Промышленный;Кинель-Черкасская;185;83.78;Венедиктов: 5.2%, Живайкин: 60.0%, Матвеев: 18.7%, Минаев: 3.2%, Плетнева: 5.2%, Саранцева: 3.9%
1309;Промышленный;Кинель-Черкасская;634;83.28;Венедиктов: 7.4%, Живайкин: 56.8%, Матвеев: 19.1%, Минаев: 9.1%, Плетнева: 4.0%, Саранцева: 3.0%
1310;Промышленный;Кинель-Черкасская;360;80.83;Венедиктов: 9.3%, Живайкин: 47.8%, Матвеев: 26.1%, Минаев: 6.2%, Плетнева: 5.2%, Саранцева: 5.5%
1311;Промышленный;Кинель-Черкасская;209;79.43;Венедиктов: 3.6%, Живайкин: 25.3%, Матвеев: 36.8%, Минаев: 4.2%, Плетнева: 6.6%, Саранцева: 7.2%
1312;Промышленный;Кинель-Черкасская;957;69.38;Венедиктов: 9.2%, Живайкин: 36.9%, Матвеев: 29.4%, Минаев: 6.3%, Плетнева: 5.7%, Саранцева: 6.6%
1313;Промышленный;Кинель-Черкасская;925;70.27;Венедиктов: 10.0%, Живайкин: 41.1%, Матвеев: 27.1%, Минаев: 6.2%, Плетнева: 5.7%, Саранцева: 5.4%
1314;Промышленный;Кинель-Черкасская;807;58.12;Венедиктов: 8.7%, Живайкин: 37.5%, Матвеев: 24.3%, Минаев: 8.1%, Плетнева: 9.6%, Саранцева: 6.6%
1315;Промышленный;Кинель-Черкасская;832;65.26;Венедиктов: 6.8%, Живайкин: 44.6%, Матвеев: 27.1%, Минаев: 5.0%, Плетнева: 6.6%, Саранцева: 7.0%
1316;Промышленный;Кинель-Черкасская;717;62.76;Венедиктов: 6.9%, Живайкин: 46.9%, Матвеев: 24.4%, Минаев: 5.8%, Плетнева: 6.2%, Саранцева: 6.2%
1317;Промышленный;Кинель-Черкасская;189;77.25;Венедиктов: 11.6%, Живайкин: 50.0%, Матвеев: 15.8%, Минаев: 4.8%, Плетнева: 8.2%, Саранцева: 3.4%
1318;Промышленный;Кинель-Черкасская;223;73.99;Венедиктов: 15.2%, Живайкин: 35.8%, Матвеев: 21.2%, Минаев: 10.3%, Плетнева: 7.9%, Саранцева: 6.1%
1319;Промышленный;Кинель-Черкасская;661;69.74;Венедиктов: 11.9%, Живайкин: 38.4%, Матвеев: 23.4%, Минаев: 6.5%, Плетнева: 7.4%, Саранцева: 3.9%
1320;Промышленный;Кинель-Черкасская;607;77.92;Венедиктов: 5.5%, Живайкин: 54.5%, Матвеев: 27.3%, Минаев: 3.6%, Плетнева: 3.6%, Саранцева: 3.0%
1321;Промышленный;Кинель-Черкасская;384;60.94;Венедиктов: 10.3%, Живайкин: 38.9%, Матвеев: 27.8%, Минаев: 6.8%, Плетнева: 6.0%, Саранцева: 3.0%
1322;Промышленный;Кинель-Черкасская;1640;68.05;Венедиктов: 9.3%, Живайкин: 38.2%, Матвеев: 29.8%, Минаев: 4.1%, Плетнева: 7.4%, Саранцева: 6.2%
1323;Промышленный;Кинель-Черкасская;920;65.87;Венедиктов: 11.4%, Живайкин: 36.6%, Матвеев: 26.7%, Минаев: 5.8%, Плетнева: 5.5%, Саранцева: 6.3%
1324;Промышленный;Кинель-Черкасская;613;71.62;Венедиктов: 6.2%, Живайкин: 51.2%, Матвеев: 20.3%, Минаев: 3.4%, Плетнева: 5.7%, Саранцева: 5.5%
1325;Промышленный;Кинель-Черкасская;866;70.55;Венедиктов: 8.2%, Живайкин: 52.5%, Матвеев: 21.1%, Минаев: 4.4%, Плетнева: 5.2%, Саранцева: 4.8%
1326;Промышленный;Кинель-Черкасская;951;64.14;Венедиктов: 8.8%, Живайкин: 37.9%, Матвеев: 27.2%, Минаев: 6.4%, Плетнева: 7.4%, Саранцева: 5.1%
1327;Промышленный;Кинель-Черкасская;442;60.86;Венедиктов: 6.3%, Живайкин: 47.6%, Матвеев: 20.8%, Минаев: 6.7%, Плетнева: 6.7%, Саранцева: 3.7%
1328;Промышленный;Кинель-Черкасская;876;90.53;Венедиктов: 7.6%, Живайкин: 53.2%, Матвеев: 20.7%, Минаев: 4.3%, Плетнева: 5.4%, Саранцева: 3.0%
1329;Промышленный;Кинель-Черкасская;126;77.78;Венедиктов: 15.3%, Живайкин: 43.9%, Матвеев: 16.3%, Минаев: 10.2%, Плетнева: 6.1%, Саранцева: 4.1%
1330;Промышленный;Кинель-Черкасская;396;71.46;Венедиктов: 9.2%, Живайкин: 49.1%, Матвеев: 21.6%, Минаев: 8.5%, Плетнева: 3.2%, Саранцева: 4.6%
1331;Промышленный;Кинель-Черкасская;446;74.89;Венедиктов: 8.1%, Живайкин: 38.3%, Матвеев: 30.5%, Минаев: 9.3%, Плетнева: 5.7%, Саранцева: 4.8%
1332;Промышленный;Кинель-Черкасская;948;65.40;Венедиктов: 8.2%, Живайкин: 40.8%, Матвеев: 29.2%, Минаев: 6.0%, Плетнева: 5.8%, Саранцева: 5.0%
1333;Промышленный;Кинель-Черкасская;865;51.45;Венедиктов: 9.7%, Живайкин: 26.3%, Матвеев: 38.2%, Минаев: 7.4%, Плетнева: 5.4%, Саранцева: 6.1%
1334;Промышленный;Кинель-Черкасская;689;75.76;Венедиктов: 8.6%, Живайкин: 44.4%, Матвеев: 21.5%, Минаев: 5.2%, Плетнева: 7.3%, Саранцева: 6.5%
1335;Промышленный;Кинель-Черкасская;680;58.82;Венедиктов: 10.8%, Живайкин: 41.2%, Матвеев: 27.8%, Минаев: 6.8%, Плетнева: 5.2%, Саранцева: 3.8%
1336;Промышленный;Кинель-Черкасская;540;69.07;Венедиктов: 12.6%, Живайкин: 27.4%, Матвеев: 28.7%, Минаев: 9.4%, Плетнева: 8.3%, Саранцева: 6.4%
1337;Промышленный;Кинель-Черкасская;190;75.79;Венедиктов: 16.0%, Живайкин: 31.2%, Матвеев: 24.3%, Минаев: 13.9%, Плетнева: 7.6%, Саранцева: 4.2%
1338;Промышленный;Кинель-Черкасская;252;75.40;Венедиктов: 3.7%, Живайкин: 51.0%, Матвеев: 19.5%, Минаев: 6.3%, Плетнева: 6.3%, Саранцева: 8.9%
1339;Промышленный;Кинель-Черкасская;241;81.74;Венедиктов: 8.1%, Живайкин: 36.0%, Матвеев: 25.4%, Минаев: 9.1%, Плетнева: 5.6%, Саранцева: 9.6%
1340;Промышленный;Кинель-Черкасская;1030;66.99;Венедиктов: 10.3%, Живайкин: 41.0%, Матвеев: 21.6%, Минаев: 7.4%, Плетнева: 5.9%, Саранцева: 4.8%
1341;Промышленный;Кинель-Черкасская;258;81.40;Венедиктов: 9.5%, Живайкин: 40.0%, Матвеев: 26.2%, Минаев: 8.1%, Плетнева: 7.1%, Саранцева: 5.7%
1342;Промышленный;Кинель-Черкасская;1090;75.50;Венедиктов: 10.2%, Живайкин: 38.1%, Матвеев: 23.0%, Минаев: 8.1%, Плетнева: 6.0%, Саранцева: 5.5%
1343;Промышленный;Кинель-Черкасская;303;72.94;Венедиктов: 11.3%, Живайкин: 40.3%, Матвеев: 19.9%, Минаев: 11.8%, Плетнева: 4.1%, Саранцева: 8.6%
1344;Промышленный;Кинель-Черкасская;143;81.12;Венедиктов: 4.3%, Живайкин: 64.7%, Матвеев: 10.3%, Минаев: 7.8%, Плетнева: 6.9%, Саранцева: 4.3%
1345;Промышленный;Кинель-Черкасская;1015;62.56;Венедиктов: 8.0%, Живайкин: 49.0%, Матвеев: 22.5%, Минаев: 6.5%, Плетнева: 4.2%, Саранцева: 6.9%
1346;Промышленный;Кинель-Черкасская;864;76.62;Венедиктов: 5.7%, Живайкин: 53.0%, Матвеев: 20.4%, Минаев: 6.5%, Плетнева: 4.1%, Саранцева: 5.6%
1347;Промышленный;Кинель-Черкасская;1166;42.02;Венедиктов: 10.6%, Живайкин: 31.8%, Матвеев: 22.0%, Минаев: 8.0%, Плетнева: 8.2%, Саранцева: 9.6%
1348;Промышленный;Кинель-Черкасская;620;46.13;Венедиктов: 10.5%, Живайкин: 34.3%, Матвеев: 22.0%, Минаев: 7.7%, Плетнева: 9.4%, Саранцева: 8.7%
1349;Промышленный;Кинель-Черкасская;820;59.51;Венедиктов: 12.9%, Живайкин: 35.7%, Матвеев: 23.2%, Минаев: 7.2%, Плетнева: 5.9%, Саранцева: 5.1%
1350;Промышленный;Кинель-Черкасская;109;76.15;Венедиктов: 7.2%, Живайкин: 50.6%, Матвеев: 27.7%, Минаев: 3.6%, Плетнева: 3.6%, Саранцева: 6.0%
4601;Промышленный;Кинельская;555;78.56;Венедиктов: 5.7%, Живайкин: 51.4%, Матвеев: 24.5%, Минаев: 3.4%, Плетнева: 4.4%, Саранцева: 4.4%
4602;Промышленный;Кинельская;1421;65.66;Венедиктов: 9.3%, Живайкин: 42.7%, Матвеев: 28.5%, Минаев: 2.7%, Плетнева: 5.6%, Саранцева: 5.2%
4603;Промышленный;Кинельская;424;69.34;Венедиктов: 6.1%, Живайкин: 67.0%, Матвеев: 9.2%, Минаев: 2.4%, Плетнева: 4.8%, Саранцева: 4.4%
4604;Промышленный;Кинельская;934;68.31;Венедиктов: 8.5%, Живайкин: 50.2%, Матвеев: 20.1%, Минаев: 5.0%, Плетнева: 6.1%, Саранцева: 6.0%
4605;Промышленный;Кинельская;329;83.28;Венедиктов: 8.8%, Живайкин: 65.7%, Матвеев: 15.7%, Минаев: 3.3%, Плетнева: 4.0%, Саранцева: 2.5%
4606;Промышленный;Кинельская;2726;47.95;Венедиктов: 7.0%, Живайкин: 53.9%, Матвеев: 19.8%, Минаев: 2.8%, Плетнева: 4.3%, Саранцева: 5.4%
4607;Промышленный;Кинельская;345;86.67;Венедиктов: 8.4%, Живайкин: 62.9%, Матвеев: 17.1%, Минаев: 3.7%, Плетнева: 4.0%, Саранцева: 3.3%
4608;Промышленный;Кинельская;114;77.19;Венедиктов: 12.5%, Живайкин: 60.2%, Матвеев: 18.2%, Минаев: 5.7%, Плетнева: 2.3%, Саранцева: 1.1%
4609;Промышленный;Кинельская;246;89.43;Венедиктов: 0.9%, Живайкин: 83.6%, Матвеев: 10.4%, Минаев: 0.9%, Плетнева: 1.4%, Саранцева: 2.7%
4610;Промышленный;Кинельская;107;79.44;Венедиктов: 5.9%, Живайкин: 71.8%, Матвеев: 11.8%, Минаев: 2.4%, Плетнева: 4.7%, Саранцева: 3.5%
4611;Промышленный;Кинельская;1417;69.37;Венедиктов: 6.2%, Живайкин: 53.2%, Матвеев: 21.3%, Минаев: 4.7%, Плетнева: 7.8%, Саранцева: 4.5%
4612;Промышленный;Кинельская;286;89.16;Венедиктов: 5.1%, Живайкин: 68.6%, Матвеев: 12.2%, Минаев: 5.9%, Плетнева: 3.1%, Саранцева: 1.6%
4613;Промышленный;Кинельская;1422;61.11;Венедиктов: 8.9%, Живайкин: 41.2%, Матвеев: 31.5%, Минаев: 4.3%, Плетнева: 5.5%, Саранцева: 4.5%
4614;Промышленный;Кинельская;251;83.27;Венедиктов: 6.2%, Живайкин: 70.8%, Матвеев: 11.5%, Минаев: 4.3%, Плетнева: 1.9%, Саранцева: 2.4%
4615;Промышленный;Кинельская;2405;70.52;Венедиктов: 4.1%, Живайкин: 68.7%, Матвеев: 13.2%, Минаев: 2.3%, Плетнева: 4.3%, Саранцева: 2.4%
4616;Промышленный;Кинельская;97;92.78;Венедиктов: 3.3%, Живайкин: 90.0%, Матвеев: 2.2%, Минаев: 3.3%, Плетнева: 1.1%, Саранцева: 0.0%
4617;Промышленный;Кинельская;158;78.48;Венедиктов: 4.8%, Живайкин: 73.4%, Матвеев: 13.7%, Минаев: 2.4%, Плетнева: 3.2%, Саранцева: 2.4%
4618;Промышленный;Кинельская;298;60.07;Венедиктов: 5.6%, Живайкин: 57.5%, Матвеев: 21.2%, Минаев: 5.6%, Плетнева: 4.5%, Саранцева: 5.0%
4619;Промышленный;Кинельская;102;87.25;Венедиктов: 3.4%, Живайкин: 77.5%, Матвеев: 9.0%, Минаев: 1.1%, Плетнева: 9.0%, Саранцева: 0.0%
4620;Промышленный;Кинельская;867;74.16;Венедиктов: 8.8%, Живайкин: 62.7%, Матвеев: 20.0%, Минаев: 1.4%, Плетнева: 4.9%, Саранцева: 2.2%
4621;Промышленный;Кинельская;1540;71.17;Венедиктов: 3.2%, Живайкин: 79.9%, Матвеев: 10.8%, Минаев: 1.4%, Плетнева: 1.8%, Саранцева: 1.6%
4622;Промышленный;Кинельская;812;88.42;Венедиктов: 4.5%, Живайкин: 77.3%, Матвеев: 9.5%, Минаев: 2.5%, Плетнева: 2.8%, Саранцева: 1.5%
4623;Промышленный;Кинельская;387;82.17;Венедиктов: 2.2%, Живайкин: 83.7%, Матвеев: 8.8%, Минаев: 1.6%, Плетнева: 2.2%, Саранцева: 0.3%
4624;Промышленный;Кинельская;442;78.96;Венедиктов: 3.4%, Живайкин: 85.1%, Матвеев: 7.5%, Минаев: 0.6%, Плетнева: 2.3%, Саранцева: 0.9%
4625;Промышленный;Кинельская;1293;61.41;Венедиктов: 3.0%, Живайкин: 73.0%, Матвеев: 13.5%, Минаев: 2.4%, Плетнева: 2.4%, Саранцева: 2.6%
4626;Промышленный;Кинельская;780;57.05;Венедиктов: 12.2%, Живайкин: 45.8%, Матвеев: 22.9%, Минаев: 4.5%, Плетнева: 7.0%, Саранцева: 4.1%
4627;Промышленный;Кинельская;184;62.50;Венедиктов: 7.0%, Живайкин: 58.3%, Матвеев: 20.9%, Минаев: 7.8%, Плетнева: 5.2%, Саранцева: 0.0%
4628;Промышленный;Кинельская;111;82.88;Венедиктов: 7.6%, Живайкин: 73.9%, Матвеев: 9.8%, Минаев: 1.1%, Плетнева: 4.3%, Саранцева: 3.3%
1201;Промышленный;Кинельская городская;1342;51.04;Венедиктов: 6.7%, Живайкин: 46.6%, Матвеев: 27.4%, Минаев: 3.9%, Плетнева: 6.9%, Саранцева: 4.2%
1202;Промышленный;Кинельская городская;919;37.21;Венедиктов: 10.2%, Живайкин: 36.3%, Матвеев: 28.6%, Минаев: 4.1%, Плетнева: 8.5%, Саранцева: 3.8%
1203;Промышленный;Кинельская городская;1311;45.54;Венедиктов: 12.1%, Живайкин: 46.0%, Матвеев: 23.3%, Минаев: 3.7%, Плетнева: 8.1%, Саранцева: 5.2%
1204;Промышленный;Кинельская городская;883;44.96;Венедиктов: 7.3%, Живайкин: 44.1%, Матвеев: 29.5%, Минаев: 3.0%, Плетнева: 8.1%, Саранцева: 2.5%
1205;Промышленный;Кинельская городская;982;47.56;Венедиктов: 6.4%, Живайкин: 54.3%, Матвеев: 19.1%, Минаев: 3.9%, Плетнева: 7.1%, Саранцева: 4.9%
1206;Промышленный;Кинельская городская;694;49.86;Венедиктов: 8.1%, Живайкин: 51.6%, Матвеев: 24.9%, Минаев: 3.5%, Плетнева: 5.8%, Саранцева: 4.3%
1207;Промышленный;Кинельская городская;832;38.82;Венедиктов: 8.7%, Живайкин: 35.9%, Матвеев: 36.8%, Минаев: 5.3%, Плетнева: 7.4%, Саранцева: 2.8%
1208;Промышленный;Кинельская городская;1345;51.30;Венедиктов: 6.8%, Живайкин: 40.6%, Матвеев: 31.4%, Минаев: 3.6%, Плетнева: 7.4%, Саранцева: 4.1%
1209;Промышленный;Кинельская городская;1882;48.30;Венедиктов: 7.7%, Живайкин: 51.6%, Матвеев: 25.3%, Минаев: 3.2%, Плетнева: 7.6%, Саранцева: 3.1%
1210;Промышленный;Кинельская городская;1072;49.72;Венедиктов: 4.1%, Живайкин: 66.8%, Матвеев: 18.6%, Минаев: 2.2%, Плетнева: 5.4%, Саранцева: 2.8%
1211;Промышленный;Кинельская городская;1988;56.19;Венедиктов: 9.4%, Живайкин: 39.1%, Матвеев: 31.6%, Минаев: 3.0%, Плетнева: 8.2%, Саранцева: 4.4%
1212;Промышленный;Кинельская городская;966;51.86;Венедиктов: 6.8%, Живайкин: 44.1%, Матвеев: 32.3%, Минаев: 3.6%, Плетнева: 6.6%, Саранцева: 4.8%
1213;Промышленный;Кинельская городская;1430;61.75;Венедиктов: 7.7%, Живайкин: 46.4%, Матвеев: 27.3%, Минаев: 2.8%, Плетнева: 6.7%, Саранцева: 4.8%
1214;Промышленный;Кинельская городская;1071;56.21;Венедиктов: 8.5%, Живайкин: 41.9%, Матвеев: 25.9%, Минаев: 5.7%, Плетнева: 8.6%, Саранцева: 5.3%
1215;Промышленный;Кинельская городская;866;48.15;Венедиктов: 10.6%, Живайкин: 41.2%, Матвеев: 26.9%, Минаев: 3.4%, Плетнева: 7.4%, Саранцева: 3.8%
1216;Промышленный;Кинельская городская;755;48.08;Венедиктов: 9.1%, Живайкин: 43.5%, Матвеев: 27.6%, Минаев: 5.0%, Плетнева: 6.1%, Саранцева: 5.2%
1217;Промышленный;Кинельская городская;1439;48.02;Венедиктов: 10.6%, Живайкин: 36.2%, Матвеев: 29.7%, Минаев: 4.2%, Плетнева: 8.2%, Саранцева: 5.2%
1218;Промышленный;Кинельская городская;648;66.67;Венедиктов: 7.9%, Живайкин: 36.1%, Матвеев: 29.2%, Минаев: 4.6%, Плетнева: 8.3%, Саранцева: 6.0%
1219;Промышленный;Кинельская городская;984;52.54;Венедиктов: 7.5%, Живайкин: 34.0%, Матвеев: 38.1%, Минаев: 3.7%, Плетнева: 7.5%, Саранцева: 4.8%
1220;Промышленный;Кинельская городская;1352;51.04;Венедиктов: 8.7%, Живайкин: 29.6%, Матвеев: 37.1%, Минаев: 5.1%, Плетнева: 11.2%, Саранцева: 2.3%
1221;Промышленный;Кинельская городская;709;52.75;Венедиктов: 9.1%, Живайкин: 37.7%, Матвеев: 29.1%, Минаев: 5.1%, Плетнева: 11.0%, Саранцева: 4.3%
1222;Промышленный;Кинельская городская;868;69.47;Венедиктов: 11.9%, Живайкин: 40.0%, Матвеев: 28.0%, Минаев: 4.3%, Плетнева: 6.6%, Саранцева: 3.6%
1223;Промышленный;Кинельская городская;681;68.43;Венедиктов: 4.5%, Живайкин: 55.4%, Матвеев: 20.0%, Минаев: 4.5%, Плетнева: 10.1%, Саранцева: 3.4%
1224;Промышленный;Кинельская городская;1971;51.14;Венедиктов: 7.9%, Живайкин: 29.0%, Матвеев: 41.9%, Минаев: 3.1%, Плетнева: 8.6%, Саранцева: 5.6%
1225;Промышленный;Кинельская городская;1679;58.31;Венедиктов: 5.9%, Живайкин: 25.5%, Матвеев: 46.2%, Минаев: 2.5%, Плетнева: 9.3%, Саранцева: 4.3%
1226;Промышленный;Кинельская городская;849;58.19;Венедиктов: 4.5%, Живайкин: 56.1%, Матвеев: 27.7%, Минаев: 2.4%, Плетнева: 3.2%, Саранцева: 1.6%
1227;Промышленный;Кинельская городская;1223;53.23;Венедиктов: 6.8%, Живайкин: 33.5%, Матвеев: 39.5%, Минаев: 3.5%, Плетнева: 7.4%, Саранцева: 4.3%
1228;Промышленный;Кинельская городская;1857;56.44;Венедиктов: 7.7%, Живайкин: 42.4%, Матвеев: 29.0%, Минаев: 5.0%, Плетнева: 6.6%, Саранцева: 3.7%
1229;Промышленный;Кинельская городская;1589;45.50;Венедиктов: 7.6%, Живайкин: 33.5%, Матвеев: 34.6%, Минаев: 3.2%, Плетнева: 9.3%, Саранцева: 5.7%
1230;Промышленный;Кинельская городская;1793;45.34;Венедиктов: 4.3%, Живайкин: 43.0%, Матвеев: 38.4%, Минаев: 3.3%, Плетнева: 5.4%, Саранцева: 3.1%
1231;Промышленный;Кинельская городская;1420;56.06;Венедиктов: 8.9%, Живайкин: 29.0%, Матвеев: 40.2%, Минаев: 3.4%, Плетнева: 8.4%, Саранцева: 3.8%
1232;Промышленный;Кинельская городская;1385;56.46;Венедиктов: 8.8%, Живайкин: 39.0%, Матвеев: 32.0%, Минаев: 3.5%, Плетнева: 9.3%, Саранцева: 3.2%
5001;Промышленный;Самара, Промышленная;2052;26.51;Венедиктов: 10.5%, Живайкин: 32.9%, Матвеев: 30.5%, Минаев: 5.2%, Плетнева: 5.7%, Саранцева: 6.2%
5002;Промышленный;Самара, Промышленная;1924;25.94;Венедиктов: 13.0%, Живайкин: 29.5%, Матвеев: 24.4%, Минаев: 4.4%, Плетнева: 9.4%, Саранцева: 8.0%
5003;Промышленный;Самара, Промышленная;2518;21.37;Венедиктов: 12.4%, Живайкин: 30.9%, Матвеев: 33.3%, Минаев: 3.2%, Плетнева: 6.3%, Саранцева: 6.5%
5004;Промышленный;Самара, Промышленная;1434;25.87;Венедиктов: 13.8%, Живайкин: 26.1%, Матвеев: 32.9%, Минаев: 5.4%, Плетнева: 6.2%, Саранцева: 5.4%
5005;Промышленный;Самара, Промышленная;1669;29.00;Венедиктов: 7.4%, Живайкин: 25.2%, Матвеев: 45.2%, Минаев: 3.5%, Плетнева: 5.4%, Саранцева: 7.0%
5006;Промышленный;Самара, Промышленная;1398;30.40;Венедиктов: 13.7%, Живайкин: 28.0%, Матвеев: 29.4%, Минаев: 4.9%, Плетнева: 7.1%, Саранцева: 11.8%
5007;Промышленный;Самара, Промышленная;1421;30.40;Венедиктов: 11.1%, Живайкин: 25.5%, Матвеев: 40.3%, Минаев: 3.0%, Плетнева: 6.0%, Саранцева: 6.0%
5008;Промышленный;Самара, Промышленная;1549;31.83;Венедиктов: 8.5%, Живайкин: 29.8%, Матвеев: 35.3%, Минаев: 3.0%, Плетнева: 7.5%, Саранцева: 5.9%
5009;Промышленный;Самара, Промышленная;1555;34.02;Венедиктов: 8.9%, Живайкин: 27.6%, Матвеев: 39.9%, Минаев: 4.5%, Плетнева: 7.4%, Саранцева: 4.9%
5010;Промышленный;Самара, Промышленная;1828;28.39;Венедиктов: 6.4%, Живайкин: 30.6%, Матвеев: 37.0%, Минаев: 4.8%, Плетнева: 6.5%, Саранцева: 7.3%
5011;Промышленный;Самара, Промышленная;2125;32.85;Венедиктов: 11.2%, Живайкин: 24.6%, Матвеев: 41.3%, Минаев: 3.9%, Плетнева: 6.3%, Саранцева: 5.9%
5012;Промышленный;Самара, Промышленная;3037;30.33;Венедиктов: 21.6%, Живайкин: 38.6%, Матвеев: 24.8%, Минаев: 4.2%, Плетнева: 6.1%, Саранцева: 3.7%
5013;Промышленный;Самара, Промышленная;2555;33.89;Венедиктов: 7.7%, Живайкин: 20.4%, Матвеев: 48.1%, Минаев: 2.9%, Плетнева: 7.6%, Саранцева: 5.9%
5014;Промышленный;Самара, Промышленная;2293;33.19;Венедиктов: 8.7%, Живайкин: 28.5%, Матвеев: 40.5%, Минаев: 3.4%, Плетнева: 5.8%, Саранцева: 8.4%
5015;Промышленный;Самара, Промышленная;2016;29.61;Венедиктов: 11.4%, Живайкин: 28.1%, Матвеев: 40.6%, Минаев: 3.9%, Плетнева: 5.9%, Саранцева: 4.7%
5016;Промышленный;Самара, Промышленная;1826;31.71;Венедиктов: 10.7%, Живайкин: 25.1%, Матвеев: 41.4%, Минаев: 3.3%, Плетнева: 6.1%, Саранцева: 6.9%
5017;Промышленный;Самара, Промышленная;2272;38.73;Венедиктов: 12.1%, Живайкин: 23.2%, Матвеев: 37.3%, Минаев: 3.2%, Плетнева: 9.1%, Саранцева: 10.2%
5018;Промышленный;Самара, Промышленная;1337;29.17;Венедиктов: 9.5%, Живайкин: 30.3%, Матвеев: 39.2%, Минаев: 4.6%, Плетнева: 6.9%, Саранцева: 4.4%
5019;Промышленный;Самара, Промышленная;2694;40.83;Венедиктов: 10.0%, Живайкин: 28.3%, Матвеев: 38.2%, Минаев: 4.4%, Плетнева: 6.8%, Саранцева: 6.9%
5020;Промышленный;Самара, Промышленная;1355;35.13;Венедиктов: 8.0%, Живайкин: 24.2%, Матвеев: 39.9%, Минаев: 4.4%, Плетнева: 6.1%, Саранцева: 8.0%
5021;Промышленный;Самара, Промышленная;2001;30.28;Венедиктов: 9.1%, Живайкин: 28.6%, Матвеев: 39.8%, Минаев: 4.5%, Плетнева: 6.1%, Саранцева: 5.9%
5022;Промышленный;Самара, Промышленная;1435;25.09;Венедиктов: 8.1%, Живайкин: 36.9%, Матвеев: 32.8%, Минаев: 1.9%, Плетнева: 7.5%, Саранцева: 5.6%
5023;Промышленный;Самара, Промышленная;1378;33.38;Венедиктов: 8.0%, Живайкин: 27.0%, Матвеев: 39.1%, Минаев: 2.6%, Плетнева: 6.3%, Саранцева: 10.0%
5024;Промышленный;Самара, Промышленная;2256;29.65;Венедиктов: 8.4%, Живайкин: 22.9%, Матвеев: 45.3%, Минаев: 4.2%, Плетнева: 7.0%, Саранцева: 7.3%
5025;Промышленный;Самара, Промышленная;1706;33.24;Венедиктов: 10.2%, Живайкин: 27.7%, Матвеев: 40.4%, Минаев: 4.1%, Плетнева: 6.5%, Саранцева: 6.9%
5026;Промышленный;Самара, Промышленная;1595;29.84;Венедиктов: 11.1%, Живайкин: 24.4%, Матвеев: 38.2%, Минаев: 4.4%, Плетнева: 7.3%, Саранцева: 6.3%
5027;Промышленный;Самара, Промышленная;2507;30.59;Венедиктов: 7.5%, Живайкин: 23.7%, Матвеев: 44.8%, Минаев: 2.9%, Плетнева: 7.7%, Саранцева: 7.8%
5028;Промышленный;Самара, Промышленная;2228;38.20;Венедиктов: 8.6%, Живайкин: 24.9%, Матвеев: 45.2%, Минаев: 3.3%, Плетнева: 6.9%, Саранцева: 5.4%
5029;Промышленный;Самара, Промышленная;2019;31.70;Венедиктов: 10.0%, Живайкин: 25.6%, Матвеев: 39.1%, Минаев: 3.8%, Плетнева: 8.6%, Саранцева: 6.2%
5030;Промышленный;Самара, Промышленная;1236;24.03;Венедиктов: 10.1%, Живайкин: 24.2%, Матвеев: 37.7%, Минаев: 3.7%, Плетнева: 9.1%, Саранцева: 8.4%
5031;Промышленный;Самара, Промышленная;2669;35.97;Венедиктов: 13.0%, Живайкин: 33.9%, Матвеев: 21.2%, Минаев: 7.9%, Плетнева: 8.2%, Саранцева: 8.4%
5032;Промышленный;Самара, Промышленная;1941;37.97;Венедиктов: 9.1%, Живайкин: 25.5%, Матвеев: 45.2%, Минаев: 3.8%, Плетнева: 6.4%, Саранцева: 6.5%
5033;Промышленный;Самара, Промышленная;1415;36.40;Венедиктов: 11.3%, Живайкин: 21.6%, Матвеев: 42.3%, Минаев: 4.5%, Плетнева: 6.0%, Саранцева: 6.4%
5034;Промышленный;Самара, Промышленная;1989;35.09;Венедиктов: 8.4%, Живайкин: 25.8%, Матвеев: 41.8%, Минаев: 4.4%, Плетнева: 7.3%, Саранцева: 6.9%
5035;Промышленный;Самара, Промышленная;1674;38.53;Венедиктов: 8.5%, Живайкин: 26.5%, Матвеев: 42.2%, Минаев: 3.9%, Плетнева: 7.8%, Саранцева: 6.2%
5036;Промышленный;Самара, Промышленная;1617;34.26;Венедиктов: 10.5%, Живайкин: 18.6%, Матвеев: 46.0%, Минаев: 3.8%, Плетнева: 7.0%, Саранцева: 8.1%
5037;Промышленный;Самара, Промышленная;1729;38.58;Венедиктов: 4.8%, Живайкин: 59.5%, Матвеев: 21.9%, Минаев: 3.1%, Плетнева: 3.8%, Саранцева: 3.0%
5038;Промышленный;Самара, Промышленная;1694;42.74;Венедиктов: 7.5%, Живайкин: 60.6%, Матвеев: 15.6%, Минаев: 3.0%, Плетнева: 5.9%, Саранцева: 6.1%
5039;Промышленный;Самара, Промышленная;2055;35.13;Венедиктов: 9.0%, Живайкин: 22.4%, Матвеев: 48.3%, Минаев: 3.6%, Плетнева: 5.8%, Саранцева: 5.7%
5040;Промышленный;Самара, Промышленная;2062;31.72;Венедиктов: 4.9%, Живайкин: 56.9%, Матвеев: 25.7%, Минаев: 2.9%, Плетнева: 6.3%, Саранцева: 3.1%
5041;Промышленный;Самара, Промышленная;2049;42.02;Венедиктов: 8.9%, Живайкин: 30.9%, Матвеев: 43.1%, Минаев: 4.0%, Плетнева: 4.9%, Саранцева: 5.6%
5042;Промышленный;Самара, Промышленная;2104;40.21;Венедиктов: 9.2%, Живайкин: 28.0%, Матвеев: 42.8%, Минаев: 3.9%, Плетнева: 7.1%, Саранцева: 5.7%
5043;Промышленный;Самара, Промышленная;1965;31.35;Венедиктов: 9.9%, Живайкин: 23.5%, Матвеев: 46.4%, Минаев: 3.2%, Плетнева: 6.3%, Саранцева: 6.2%
5044;Промышленный;Самара, Промышленная;1907;38.44;Венедиктов: 8.9%, Живайкин: 25.0%, Матвеев: 46.0%, Минаев: 3.5%, Плетнева: 5.9%, Саранцева: 4.2%
5045;Промышленный;Самара, Промышленная;1644;37.59;Венедиктов: 8.2%, Живайкин: 24.8%, Матвеев: 45.3%, Минаев: 2.4%, Плетнева: 7.0%, Саранцева: 7.6%
5046;Промышленный;Самара, Промышленная;2091;36.73;Венедиктов: 10.6%, Живайкин: 22.8%, Матвеев: 46.6%, Минаев: 2.3%, Плетнева: 5.5%, Саранцева: 5.1%
5047;Промышленный;Самара, Промышленная;1660;36.81;Венедиктов: 9.0%, Живайкин: 25.9%, Матвеев: 39.8%, Минаев: 3.3%, Плетнева: 7.0%, Саранцева: 7.7%
5048;Промышленный;Самара, Промышленная;1797;36.89;Венедиктов: 10.1%, Живайкин: 25.0%, Матвеев: 43.7%, Минаев: 3.0%, Плетнева: 5.0%, Саранцева: 7.2%
5049;Промышленный;Самара, Промышленная;1546;36.29;Венедиктов: 8.7%, Живайкин: 24.2%, Матвеев: 44.4%, Минаев: 3.0%, Плетнева: 6.6%, Саранцева: 7.1%
5050;Промышленный;Самара, Промышленная;1608;39.68;Венедиктов: 8.2%, Живайкин: 21.8%, Матвеев: 48.4%, Минаев: 3.4%, Плетнева: 6.0%, Саранцева: 4.8%
5051;Промышленный;Самара, Промышленная;1783;45.71;Венедиктов: 11.5%, Живайкин: 23.9%, Матвеев: 41.1%, Минаев: 3.7%, Плетнева: 7.1%, Саранцева: 7.2%
5052;Промышленный;Самара, Промышленная;1840;43.26;Венедиктов: 13.1%, Живайкин: 22.7%, Матвеев: 44.0%, Минаев: 3.4%, Плетнева: 6.3%, Саранцева: 5.7%
5053;Промышленный;Самара, Промышленная;2099;38.45;Венедиктов: 13.1%, Живайкин: 22.7%, Матвеев: 43.7%, Минаев: 2.5%, Плетнева: 6.4%, Саранцева: 6.6%
5054;Промышленный;Самара, Промышленная;1827;39.03;Венедиктов: 12.2%, Живайкин: 22.2%, Матвеев: 41.0%, Минаев: 4.6%, Плетнева: 8.3%, Саранцева: 7.3%
5055;Промышленный;Самара, Промышленная;1803;40.99;Венедиктов: 14.8%, Живайкин: 26.7%, Матвеев: 41.3%, Минаев: 4.3%, Плетнева: 6.9%, Саранцева: 6.1%
5056;Промышленный;Самара, Промышленная;1618;40.98;Венедиктов: 10.9%, Живайкин: 22.3%, Матвеев: 46.5%, Минаев: 4.8%, Плетнева: 5.9%, Саранцева: 5.0%
5057;Промышленный;Самара, Промышленная;1804;38.86;Венедиктов: 13.6%, Живайкин: 29.5%, Матвеев: 39.7%, Минаев: 3.9%, Плетнева: 6.7%, Саранцева: 6.7%
5058;Промышленный;Самара, Промышленная;1945;41.39;Венедиктов: 15.8%, Живайкин: 22.9%, Матвеев: 40.8%, Минаев: 3.1%, Плетнева: 6.1%, Саранцева: 6.6%
5059;Промышленный;Самара, Промышленная;1994;39.47;Венедиктов: 9.3%, Живайкин: 38.2%, Матвеев: 39.0%, Минаев: 2.2%, Плетнева: 5.7%, Саранцева: 5.6%
5060;Промышленный;Самара, Промышленная;2120;41.04;Венедиктов: 11.7%, Живайкин: 23.8%, Матвеев: 42.4%, Минаев: 2.7%, Плетнева: 8.2%, Саранцева: 6.3%
5061;Промышленный;Самара, Промышленная;2118;40.93;Венедиктов: 16.7%, Живайкин: 20.5%, Матвеев: 43.9%, Минаев: 2.9%, Плетнева: 6.0%, Саранцева: 5.4%
5062;Промышленный;Самара, Промышленная;2784;39.87;Венедиктов: 17.6%, Живайкин: 22.4%, Матвеев: 40.2%, Минаев: 2.2%, Плетнева: 5.6%, Саранцева: 6.6%
5063;Промышленный;Самара, Промышленная;1964;36.15;Венедиктов: 12.1%, Живайкин: 25.5%, Матвеев: 39.9%, Минаев: 2.8%, Плетнева: 6.6%, Саранцева: 6.8%
5064;Промышленный;Самара, Промышленная;1633;36.31;Венедиктов: 10.6%, Живайкин: 27.3%, Матвеев: 39.3%, Минаев: 3.7%, Плетнева: 7.1%, Саранцева: 5.6%
5065;Промышленный;Самара, Промышленная;1912;41.47;Венедиктов: 11.5%, Живайкин: 23.1%, Матвеев: 41.7%, Минаев: 5.0%, Плетнева: 7.1%, Саранцева: 6.4%
5066;Промышленный;Самара, Промышленная;1688;33.77;Венедиктов: 7.4%, Живайкин: 24.2%, Матвеев: 46.3%, Минаев: 2.1%, Плетнева: 6.7%, Саранцева: 7.9%
5067;Промышленный;Самара, Промышленная;1710;32.05;Венедиктов: 6.6%, Живайкин: 45.1%, Матвеев: 36.1%, Минаев: 1.5%, Плетнева: 3.3%, Саранцева: 5.1%
5068;Промышленный;Самара, Промышленная;2791;39.73;Венедиктов: 13.5%, Живайкин: 24.3%, Матвеев: 40.5%, Минаев: 3.4%, Плетнева: 6.6%, Саранцева: 5.8%
5069;Промышленный;Самара, Промышленная;1638;39.26;Венедиктов: 13.2%, Живайкин: 30.2%, Матвеев: 40.1%, Минаев: 3.7%, Плетнева: 5.9%, Саранцева: 6.1%
5070;Промышленный;Самара, Промышленная;2166;36.52;Венедиктов: 11.6%, Живайкин: 24.3%, Матвеев: 45.5%, Минаев: 2.9%, Плетнева: 6.3%, Саранцева: 5.2%
5071;Промышленный;Самара, Промышленная;1892;43.39;Венедиктов: 9.9%, Живайкин: 20.0%, Матвеев: 49.3%, Минаев: 3.1%, Плетнева: 5.2%, Саранцева: 7.5%
5072;Промышленный;Самара, Промышленная;1807;37.08;Венедиктов: 13.0%, Живайкин: 24.3%, Матвеев: 43.4%, Минаев: 3.6%, Плетнева: 6.9%, Саранцева: 5.7%
5073;Промышленный;Самара, Промышленная;1915;36.61;Венедиктов: 10.6%, Живайкин: 41.6%, Матвеев: 27.4%, Минаев: 4.0%, Плетнева: 6.4%, Саранцева: 5.1%
5074;Промышленный;Самара, Промышленная;1962;40.93;Венедиктов: 11.7%, Живайкин: 20.3%, Матвеев: 47.3%, Минаев: 5.5%, Плетнева: 7.0%, Саранцева: 4.0%
5075;Промышленный;Самара, Промышленная;1944;38.07;Венедиктов: 9.3%, Живайкин: 20.8%, Матвеев: 46.6%, Минаев: 3.9%, Плетнева: 7.3%, Саранцева: 5.8%
5076;Промышленный;Самара, Промышленная;2065;39.23;Венедиктов: 11.5%, Живайкин: 27.9%, Матвеев: 38.1%, Минаев: 3.0%, Плетнева: 7.3%, Саранцева: 6.8%
5077;Промышленный;Самара, Промышленная;1370;35.99;Венедиктов: 13.4%, Живайкин: 26.2%, Матвеев: 39.0%, Минаев: 4.9%, Плетнева: 9.1%, Саранцева: 6.1%
5078;Промышленный;Самара, Промышленная;1765;37.34;Венедиктов: 13.1%, Живайкин: 21.7%, Матвеев: 46.0%, Минаев: 3.2%, Плетнева: 5.5%, Саранцева: 7.4%
5079;Промышленный;Самара, Промышленная;2455;39.02;Венедиктов: 10.9%, Живайкин: 23.8%, Матвеев: 41.6%, Минаев: 2.8%, Плетнева: 7.2%, Саранцева: 7.8%
5080;Промышленный;Самара, Промышленная;1751;37.52;Венедиктов: 11.4%, Живайкин: 38.5%, Матвеев: 31.2%, Минаев: 5.7%, Плетнева: 5.2%, Саранцева: 4.2%
5081;Промышленный;Самара, Промышленная;1672;37.02;Венедиктов: 10.2%, Живайкин: 35.1%, Матвеев: 36.0%, Минаев: 4.5%, Плетнева: 6.5%, Саранцева: 4.4%
5082;Промышленный;Самара, Промышленная;2062;36.81;Венедиктов: 12.0%, Живайкин: 37.5%, Матвеев: 25.7%, Минаев: 7.4%, Плетнева: 7.5%, Саранцева: 8.8%
5083;Промышленный;Самара, Промышленная;1535;38.57;Венедиктов: 7.6%, Живайкин: 42.4%, Матвеев: 34.6%, Минаев: 5.2%, Плетнева: 4.9%, Саранцева: 3.5%
5084;Промышленный;Самара, Промышленная;2405;37.09;Венедиктов: 7.2%, Живайкин: 51.2%, Матвеев: 26.2%, Минаев: 3.5%, Плетнева: 4.9%, Саранцева: 4.0%
5085;Промышленный;Самара, Промышленная;2833;38.48;Венедиктов: 13.5%, Живайкин: 23.6%, Матвеев: 41.9%, Минаев: 4.1%, Плетнева: 6.9%, Саранцева: 5.8%
5086;Промышленный;Самара, Промышленная;1650;40.73;Венедиктов: 13.2%, Живайкин: 26.6%, Матвеев: 42.0%, Минаев: 2.8%, Плетнева: 8.3%, Саранцева: 4.6%
5087;Промышленный;Самара, Промышленная;2167;38.26;Венедиктов: 13.4%, Живайкин: 22.4%, Матвеев: 40.8%, Минаев: 3.3%, Плетнева: 8.1%, Саранцева: 7.5%
5088;Промышленный;Самара, Промышленная;2343;34.27;Венедиктов: 10.8%, Живайкин: 27.1%, Матвеев: 39.6%, Минаев: 3.2%, Плетнева: 8.5%, Саранцева: 6.2%
5089;Промышленный;Самара, Промышленная;2110;37.73;Венедиктов: 11.2%, Живайкин: 23.1%, Матвеев: 41.1%, Минаев: 3.5%, Плетнева: 7.8%, Саранцева: 6.4%
5090;Промышленный;Самара, Промышленная;2113;36.82;Венедиктов: 18.5%, Живайкин: 22.4%, Матвеев: 39.6%, Минаев: 2.7%, Плетнева: 7.7%, Саранцева: 3.7%
5091;Промышленный;Самара, Промышленная;2125;37.60;Венедиктов: 12.4%, Живайкин: 24.3%, Матвеев: 42.2%, Минаев: 2.2%, Плетнева: 4.6%, Саранцева: 6.9%
5092;Промышленный;Самара, Промышленная;2881;35.37;Венедиктов: 16.3%, Живайкин: 20.2%, Матвеев: 43.2%, Минаев: 2.2%, Плетнева: 7.0%, Саранцева: 7.0%
5093;Промышленный;Самара, Промышленная;2778;38.84;Венедиктов: 16.6%, Живайкин: 20.8%, Матвеев: 41.8%, Минаев: 2.9%, Плетнева: 7.1%, Саранцева: 4.6%
5094;Промышленный;Самара, Промышленная;2370;37.59;Венедиктов: 22.6%, Живайкин: 19.6%, Матвеев: 41.8%, Минаев: 3.0%, Плетнева: 5.5%, Саранцева: 3.5%
5095;Промышленный;Самара, Промышленная;2965;44.28;Венедиктов: 39.5%, Живайкин: 14.1%, Матвеев: 30.5%, Минаев: 2.3%, Плетнева: 5.6%, Саранцева: 4.0%
5096;Промышленный;Самара, Промышленная;2940;40.58;Венедиктов: 21.3%, Живайкин: 21.8%, Матвеев: 37.7%, Минаев: 3.2%, Плетнева: 4.5%, Саранцева: 5.6%
5097;Промышленный;Самара, Промышленная;3018;34.59;Венедиктов: 31.4%, Живайкин: 16.5%, Матвеев: 34.6%, Минаев: 2.3%, Плетнева: 6.7%, Саранцева: 4.1%
5098;Промышленный;Самара, Промышленная;2843;38.20;Венедиктов: 15.2%, Живайкин: 21.1%, Матвеев: 42.8%, Минаев: 2.8%, Плетнева: 6.9%, Саранцева: 7.2%
5099;Промышленный;Самара, Промышленная;2067;43.69;Венедиктов: 9.4%, Живайкин: 42.0%, Матвеев: 31.2%, Минаев: 3.3%, Плетнева: 4.5%, Саранцева: 5.1%
5100;Промышленный;Самара, Промышленная;2842;37.93;Венедиктов: 4.5%, Живайкин: 70.1%, Матвеев: 22.0%, Минаев: 1.1%, Плетнева: 1.0%, Саранцева: 0.8%
5101;Промышленный;Самара, Промышленная;2199;38.11;Венедиктов: 14.0%, Живайкин: 22.9%, Матвеев: 39.6%, Минаев: 4.1%, Плетнева: 9.6%, Саранцева: 6.2%
5102;Промышленный;Самара, Промышленная;263;92.02;Венедиктов: 6.2%, Живайкин: 35.5%, Матвеев: 25.2%, Минаев: 3.3%, Плетнева: 11.2%, Саранцева: 10.7%
5103;Промышленный;Самара, Промышленная;187;11.76;Венедиктов: 13.6%, Живайкин: 27.3%, Матвеев: 36.4%, Минаев: 9.1%, Плетнева: 0.0%, Саранцева: 13.6%
5104;Промышленный;Самара, Промышленная;415;97.35;Венедиктов: 6.9%, Живайкин: 53.2%, Матвеев: 23.3%, Минаев: 3.0%, Плетнева: 2.0%, Саранцева: 5.7%
3301;Промышленный;Самара, Советская;1668;31.77;Венедиктов: 9.2%, Живайкин: 23.8%, Матвеев: 45.5%, Минаев: 5.3%, Плетнева: 4.3%, Саранцева: 6.8%
3302;Промышленный;Самара, Советская;1649;32.20;Венедиктов: 8.3%, Живайкин: 40.3%, Матвеев: 28.8%, Минаев: 5.8%, Плетнева: 5.3%, Саранцева: 7.2%
3303;Промышленный;Самара, Советская;1992;33.84;Венедиктов: 12.5%, Живайкин: 39.0%, Матвеев: 27.9%, Минаев: 3.9%, Плетнева: 7.6%, Саранцева: 5.8%
3304;Промышленный;Самара, Советская;2514;30.95;Венедиктов: 8.2%, Живайкин: 22.9%, Матвеев: 44.0%, Минаев: 4.4%, Плетнева: 5.5%, Саранцева: 8.0%
3305;Промышленный;Самара, Советская;2532;35.90;Венедиктов: 8.4%, Живайкин: 28.5%, Матвеев: 42.5%, Минаев: 3.4%, Плетнева: 5.8%, Саранцева: 6.6%
3306;Промышленный;Самара, Советская;1119;36.91;Венедиктов: 3.4%, Живайкин: 48.7%, Матвеев: 34.6%, Минаев: 2.2%, Плетнева: 4.6%, Саранцева: 3.4%
3307;Промышленный;Самара, Советская;1181;41.32;Венедиктов: 12.5%, Живайкин: 24.4%, Матвеев: 41.8%, Минаев: 2.9%, Плетнева: 7.6%, Саранцева: 5.9%
3308;Промышленный;Самара, Советская;2800;37.96;Венедиктов: 7.9%, Живайкин: 40.3%, Матвеев: 39.0%, Минаев: 3.4%, Плетнева: 2.6%, Саранцева: 6.9%
3309;Промышленный;Самара, Советская;1866;44.43;Венедиктов: 8.4%, Живайкин: 59.0%, Матвеев: 17.6%, Минаев: 2.4%, Плетнева: 6.6%, Саранцева: 5.9%
3310;Промышленный;Самара, Советская;2461;40.47;Венедиктов: 11.8%, Живайкин: 44.0%, Матвеев: 27.2%, Минаев: 3.7%, Плетнева: 4.2%, Саранцева: 6.1%
3311;Промышленный;Самара, Советская;2139;43.48;Венедиктов: 7.5%, Живайкин: 39.5%, Матвеев: 31.0%, Минаев: 2.1%, Плетнева: 6.6%, Саранцева: 6.8%
3312;Промышленный;Самара, Советская;2374;35.89;Венедиктов: 8.2%, Живайкин: 26.1%, Матвеев: 44.2%, Минаев: 2.7%, Плетнева: 5.8%, Саранцева: 7.9%
3313;Промышленный;Самара, Советская;1458;42.32;Венедиктов: 6.7%, Живайкин: 49.9%, Матвеев: 25.3%, Минаев: 4.0%, Плетнева: 5.0%, Саранцева: 7.1%
3314;Промышленный;Самара, Советская;2296;42.73;Венедиктов: 10.9%, Живайкин: 33.1%, Матвеев: 34.5%, Минаев: 3.0%, Плетнева: 4.8%, Саранцева: 8.3%
3315;Промышленный;Самара, Советская;1230;35.37;Венедиктов: 20.5%, Живайкин: 25.3%, Матвеев: 29.7%, Минаев: 3.5%, Плетнева: 5.8%, Саранцева: 8.1%
3316;Промышленный;Самара, Советская;1778;30.48;Венедиктов: 10.9%, Живайкин: 30.5%, Матвеев: 34.8%, Минаев: 4.1%, Плетнева: 5.9%, Саранцева: 8.5%
3317;Промышленный;Самара, Советская;2547;37.65;Венедиктов: 5.3%, Живайкин: 39.2%, Матвеев: 39.0%, Минаев: 2.6%, Плетнева: 4.1%, Саранцева: 4.4%
3318;Промышленный;Самара, Советская;1810;37.68;Венедиктов: 9.6%, Живайкин: 23.1%, Матвеев: 43.8%, Минаев: 4.1%, Плетнева: 5.4%, Саранцева: 7.5%
3319;Промышленный;Самара, Советская;2830;35.41;Венедиктов: 10.4%, Живайкин: 39.1%, Матвеев: 32.0%, Минаев: 3.4%, Плетнева: 6.8%, Саранцева: 6.6%
3320;Промышленный;Самара, Советская;1494;39.63;Венедиктов: 6.8%, Живайкин: 49.3%, Матвеев: 28.0%, Минаев: 3.5%, Плетнева: 4.7%, Саранцева: 5.2%
3321;Промышленный;Самара, Советская;1698;37.57;Венедиктов: 5.5%, Живайкин: 50.0%, Матвеев: 34.8%, Минаев: 1.2%, Плетнева: 4.7%, Саранцева: 2.5%
3322;Промышленный;Самара, Советская;1560;30.26;Венедиктов: 8.3%, Живайкин: 40.0%, Матвеев: 31.8%, Минаев: 5.7%, Плетнева: 6.8%, Саранцева: 2.8%
3323;Промышленный;Самара, Советская;2171;39.52;Венедиктов: 8.0%, Живайкин: 45.0%, Матвеев: 25.8%, Минаев: 2.3%, Плетнева: 5.1%, Саранцева: 7.9%
3324;Промышленный;Самара, Советская;2587;49.13;Венедиктов: 10.2%, Живайкин: 24.9%, Матвеев: 41.5%, Минаев: 4.6%, Плетнева: 7.7%, Саранцева: 6.2%
3325;Промышленный;Самара, Советская;2313;40.64;Венедиктов: 8.9%, Живайкин: 31.1%, Матвеев: 34.4%, Минаев: 3.8%, Плетнева: 7.3%, Саранцева: 7.2%
3326;Промышленный;Самара, Советская;2384;44.88;Венедиктов: 7.8%, Живайкин: 30.3%, Матвеев: 35.0%, Минаев: 4.4%, Плетнева: 3.5%, Саранцева: 7.9%
3327;Промышленный;Самара, Советская;2576;36.34;Венедиктов: 9.7%, Живайкин: 23.4%, Матвеев: 40.7%, Минаев: 4.2%, Плетнева: 7.9%, Саранцева: 8.7%
3328;Промышленный;Самара, Советская;1256;33.44;Венедиктов: 9.1%, Живайкин: 27.4%, Матвеев: 35.7%, Минаев: 2.9%, Плетнева: 7.9%, Саранцева: 9.8%
3329;Промышленный;Самара, Советская;2261;41.22;Венедиктов: 8.3%, Живайкин: 46.6%, Матвеев: 24.6%, Минаев: 3.3%, Плетнева: 3.2%, Саранцева: 7.3%
3330;Промышленный;Самара, Советская;1538;36.41;Венедиктов: 11.3%, Живайкин: 20.8%, Матвеев: 41.4%, Минаев: 4.5%, Плетнева: 7.7%, Саранцева: 7.7%
3331;Промышленный;Самара, Советская;2274;34.48;Венедиктов: 8.2%, Живайкин: 32.5%, Матвеев: 39.4%, Минаев: 3.6%, Плетнева: 6.4%, Саранцева: 5.0%
3332;Промышленный;Самара, Советская;2151;33.33;Венедиктов: 8.0%, Живайкин: 23.9%, Матвеев: 41.6%, Минаев: 4.3%, Плетнева: 6.1%, Саранцева: 7.8%
3333;Промышленный;Самара, Советская;1637;40.75;Венедиктов: 8.0%, Живайкин: 28.9%, Матвеев: 34.9%, Минаев: 3.9%, Плетнева: 8.1%, Саранцева: 8.0%
3334;Промышленный;Самара, Советская;1699;32.08;Венедиктов: 9.9%, Живайкин: 24.4%, Матвеев: 35.0%, Минаев: 5.1%, Плетнева: 7.5%, Саранцева: 11.6%
3335;Промышленный;Самара, Советская;2110;30.33;Венедиктов: 9.4%, Живайкин: 25.0%, Матвеев: 42.2%, Минаев: 2.3%, Плетнева: 5.2%, Саранцева: 8.8%
3336;Промышленный;Самара, Советская;2387;36.32;Венедиктов: 6.8%, Живайкин: 30.6%, Матвеев: 41.1%, Минаев: 4.0%, Плетнева: 5.4%, Саранцева: 7.7%
3337;Промышленный;Самара, Советская;2592;38.89;Венедиктов: 8.3%, Живайкин: 32.5%, Матвеев: 37.5%, Минаев: 3.4%, Плетнева: 4.3%, Саранцева: 7.8%
3338;Промышленный;Самара, Советская;1235;20.00;Венедиктов: 15.4%, Живайкин: 29.3%, Матвеев: 22.8%, Минаев: 6.5%, Плетнева: 10.6%, Саранцева: 7.7%
3339;Промышленный;Самара, Советская;1554;36.23;Венедиктов: 12.1%, Живайкин: 25.0%, Матвеев: 36.8%, Минаев: 2.7%, Плетнева: 7.5%, Саранцева: 7.5%
3340;Промышленный;Самара, Советская;1611;35.75;Венедиктов: 9.9%, Живайкин: 22.4%, Матвеев: 40.6%, Минаев: 4.3%, Плетнева: 6.4%, Саранцева: 8.7%
3341;Промышленный;Самара, Советская;2211;39.30;Венедиктов: 9.4%, Живайкин: 26.0%, Матвеев: 40.6%, Минаев: 3.8%, Плетнева: 6.7%, Саранцева: 9.2%
3342;Промышленный;Самара, Советская;1935;43.62;Венедиктов: 7.0%, Живайкин: 40.8%, Матвеев: 32.1%, Минаев: 2.7%, Плетнева: 5.7%, Саранцева: 7.3%
3343;Промышленный;Самара, Советская;1537;34.61;Венедиктов: 7.3%, Живайкин: 38.9%, Матвеев: 31.4%, Минаев: 5.3%, Плетнева: 5.5%, Саранцева: 7.9%
3344;Промышленный;Самара, Советская;2094;31.09;Венедиктов: 9.1%, Живайкин: 28.5%, Матвеев: 39.9%, Минаев: 3.7%, Плетнева: 6.0%, Саранцева: 5.9%
3345;Промышленный;Самара, Советская;2294;20.71;Венедиктов: 12.2%, Живайкин: 30.1%, Матвеев: 30.7%, Минаев: 5.3%, Плетнева: 8.8%, Саранцева: 5.0%
3346;Промышленный;Самара, Советская;2183;33.62;Венедиктов: 9.6%, Живайкин: 30.6%, Матвеев: 33.7%, Минаев: 4.2%, Плетнева: 7.4%, Саранцева: 6.6%
3347;Промышленный;Самара, Советская;1191;31.07;Венедиктов: 8.7%, Живайкин: 29.4%, Матвеев: 37.5%, Минаев: 3.3%, Плетнева: 9.0%, Саранцева: 6.5%
3348;Промышленный;Самара, Советская;1764;28.00;Венедиктов: 9.3%, Живайкин: 39.4%, Матвеев: 27.8%, Минаев: 4.5%, Плетнева: 5.7%, Саранцева: 7.3%
3349;Промышленный;Самара, Советская;1348;34.57;Венедиктов: 9.0%, Живайкин: 21.9%, Матвеев: 41.0%, Минаев: 5.6%, Плетнева: 5.2%, Саранцева: 9.9%
3350;Промышленный;Самара, Советская;1246;38.52;Венедиктов: 7.7%, Живайкин: 23.8%, Матвеев: 41.0%, Минаев: 4.2%, Плетнева: 7.3%, Саранцева: 8.5%
3351;Промышленный;Самара, Советская;2248;33.32;Венедиктов: 9.2%, Живайкин: 22.2%, Матвеев: 42.5%, Минаев: 4.4%, Плетнева: 6.8%, Саранцева: 10.0%
3352;Промышленный;Самара, Советская;1708;30.62;Венедиктов: 9.6%, Живайкин: 25.2%, Матвеев: 37.9%, Минаев: 4.0%, Плетнева: 8.8%, Саранцева: 8.4%
3353;Промышленный;Самара, Советская;1827;36.07;Венедиктов: 8.8%, Живайкин: 31.7%, Матвеев: 38.5%, Минаев: 4.5%, Плетнева: 5.5%, Саранцева: 5.5%
3354;Промышленный;Самара, Советская;1886;35.74;Венедиктов: 9.7%, Живайкин: 29.8%, Матвеев: 35.3%, Минаев: 4.6%, Плетнева: 8.1%, Саранцева: 6.6%
3355;Промышленный;Самара, Советская;1746;37.06;Венедиктов: 8.0%, Живайкин: 30.0%, Матвеев: 36.0%, Минаев: 4.6%, Плетнева: 7.4%, Саранцева: 8.7%
3356;Промышленный;Самара, Советская;2428;32.45;Венедиктов: 10.3%, Живайкин: 22.5%, Матвеев: 45.2%, Минаев: 4.3%, Плетнева: 6.8%, Саранцева: 6.7%
3357;Промышленный;Самара, Советская;1407;37.67;Венедиктов: 9.8%, Живайкин: 26.3%, Матвеев: 43.3%, Минаев: 3.8%, Плетнева: 4.9%, Саранцева: 6.4%
3358;Промышленный;Самара, Советская;2060;40.24;Венедиктов: 7.6%, Живайкин: 36.1%, Матвеев: 41.5%, Минаев: 0.8%, Плетнева: 5.5%, Саранцева: 8.4%
3359;Промышленный;Самара, Советская;2167;42.04;Венедиктов: 5.2%, Живайкин: 24.4%, Матвеев: 44.9%, Минаев: 3.1%, Плетнева: 5.0%, Саранцева: 7.3%
3360;Промышленный;Самара, Советская;2396;36.39;Венедиктов: 7.9%, Живайкин: 21.1%, Матвеев: 45.0%, Минаев: 2.8%, Плетнева: 5.6%, Саранцева: 8.4%
3361;Промышленный;Самара, Советская;1312;35.98;Венедиктов: 13.1%, Живайкин: 41.7%, Матвеев: 25.2%, Минаев: 2.3%, Плетнева: 7.8%, Саранцева: 5.5%
3362;Промышленный;Самара, Советская;1962;43.88;Венедиктов: 12.1%, Живайкин: 31.1%, Матвеев: 34.4%, Минаев: 3.8%, Плетнева: 6.6%, Саранцева: 8.4%
3364;Промышленный;Самара, Советская;14;100.00;Венедиктов: 0.0%, Живайкин: 92.9%, Матвеев: 0.0%, Минаев: 7.1%, Плетнева: 0.0%, Саранцева: 0.0%
3365;Промышленный;Самара, Советская;31;100.00;Венедиктов: 3.2%, Живайкин: 93.5%, Матвеев: 3.2%, Минаев: 0.0%, Плетнева: 0.0%, Саранцева: 0.0%
